time,location
1364409462,in[sudikoff],
1364411330,in[sudikoff],
1364504942,in[sudikoff],
1364505471,in[sudikoff],
1364505814,in[sudikoff],
1364506140,in[sudikoff],
1364506465,in[sudikoff],
1364506746,in[sudikoff],
1364506792,in[sudikoff],
1364506977,in[sudikoff],
1364507297,in[sudikoff],
1364507342,in[sudikoff],
1364507626,in[sudikoff],
1364508541,in[sudikoff],
1364509741,in[sudikoff],
1364510106,in[sudikoff],
1364510941,in[sudikoff],
1364511913,in[sudikoff],
1364512141,in[sudikoff],
1364513052,in[sudikoff],
1364513068,in[sudikoff],
1364513090,in[sudikoff],
1364513120,near[mclaughlin; burke; moore; ],
1364513145,near[college-street; burke; steele; ],
1364513156,near[college-street; burke; baker-berry; ],
1364513169,near[baker-berry; college-street; websterhall; ],
1364513191,near[parkhurst; baker-berry; mcnutt; ],
1364513201,near[parkhurst; robinson; baker-berry; ],
1364513270,in[robinson],
1364513333,in[north-main],
1364513346,in[north-main],
1364513357,in[north-main],
1364914357,in[sudikoff],
1364914652,in[sudikoff],
1364914669,in[sudikoff],
1364914698,in[sudikoff],
1364914714,in[sudikoff],
1364915037,in[sudikoff],
1364915362,in[sudikoff],
1364915557,in[sudikoff],
1364915687,in[sudikoff],
1364915702,in[sudikoff],
1364916028,in[sudikoff],
1364916161,in[sudikoff],
1364916357,in[sudikoff],
1364916683,in[sudikoff],
1364916757,in[sudikoff],
1364917008,in[sudikoff],
1364917334,in[sudikoff],
1364917660,in[sudikoff],
1364917957,in[sudikoff],
1364917975,in[sudikoff],
1364917986,in[sudikoff],
1364918001,in[sudikoff],
1364918325,in[sudikoff],
1364918650,in[sudikoff],
1364918974,in[sudikoff],
1364919157,in[sudikoff],
1364919299,in[sudikoff],
1364919625,in[sudikoff],
1364919783,in[sudikoff],
1364919949,in[sudikoff],
1364919965,in[sudikoff],
1364920290,in[sudikoff],
1364920357,in[sudikoff],
1364920616,in[sudikoff],
1364920945,in[sudikoff],
1364921271,in[sudikoff],
1364921557,in[sudikoff],
1364921589,in[sudikoff],
1364921682,in[sudikoff],
1364921702,in[sudikoff],
1364922754,in[sudikoff],
1364923957,in[sudikoff],
1364925157,in[sudikoff],
1364925219,in[sudikoff],
1364925666,in[sudikoff],
1364926357,in[sudikoff],
1364927526,in[sudikoff],
1364927557,in[sudikoff],
1364928307,in[sudikoff],
1364928328,in[sudikoff],
1364928757,in[sudikoff],
1364928989,in[sudikoff],
1364929373,in[sudikoff],
1364929957,in[sudikoff],
1364931157,in[sudikoff],
1364931186,in[sudikoff],
1364932357,in[sudikoff],
1364933023,in[sudikoff],
1364933557,in[sudikoff],
1364934757,in[sudikoff],
1364934846,in[sudikoff],
1364935957,in[sudikoff],
1364936706,in[sudikoff],
1364937157,in[sudikoff],
1364937417,near[sudikoff; mclaughlin; burke; ],
1364937524,near[mclaughlin; burke; dana-library; ropeferry; ],
1364937565,near[mclaughlin; dana-library; ],
1364937679,in[dana-library],
1364937694,in[lsb],
1364937710,near[lsb; dana-library; vail; ],
1364937732,near[lsb; dana-library; vail; ],
1364937933,in[dana-library],
1364937946,in[dana-library],
1364937957,in[dana-library],
1364937973,in[steele],
1364937997,near[steele; websterhall; baker-berry; ],
1364938071,in[baker-berry],
1364938086,near[hopkins; baker-berry; east-wheelock; ],
1364938101,near[hopkins; baker-berry; east-wheelock; ],
1364938117,near[hopkins; baker-berry; east-wheelock; ],
1364938132,near[hopkins; baker-berry; robinson; east-wheelock; ],
1364938148,near[hopkins; robinson; HanoverInn; ],
1364938164,in[HanoverInn],
1364938179,near[HanoverInn; hopkins; robinson; ],
1364938195,in[HanoverInn],
1364938211,in[HanoverInn],
1364938226,in[north-main],
1364938242,in[north-main],
1364938257,in[north-main],
1364998478,in[north-main],
1364998544,in[north-main],
1364998574,in[north-main],
1364998589,near[HanoverInn; hopkins; baker-berry; ],
1364998605,near[hopkins; HanoverInn; carson-tech_services; ],
1364998628,near[hopkins; wentworth; HanoverInn; ],
1364998639,near[wentworth; baker-berry; websterhall; ],
1364998654,near[baker-berry; steele; websterhall; ],
1364998667,near[burke; baker-berry; mclaughlin; ],
1364998691,in[dana-library],
1364998702,in[lsb],
1364998717,in[lsb],
1364998733,in[lsb],
1364998748,in[lsb],
1364998764,in[lsb],
1364998779,in[lsb],
1364998841,in[lsb],
1364998856,in[lsb],
1364998872,in[lsb],
1364998887,in[lsb],
1364998903,in[lsb],
1364998949,near[vail; lsb; ],
1364998965,in[lsb],
1364999025,near[dana-library; lsb; remsen; ],
1364999085,near[dana-library; vail; lsb; ],
1364999131,near[dana-library; mclaughlin; lsb; ],
1364999186,in[mclaughlin],
1364999217,near[mclaughlin; burke; moore; ],
1364999258,near[sudikoff; mclaughlin; moore; ],
1364999282,in[sudikoff],
1364999385,in[sudikoff],
1364999557,in[sudikoff],
1364999639,in[sudikoff],
1364999955,in[sudikoff],
1364999972,in[sudikoff],
1365000240,in[sudikoff],
1365000293,in[sudikoff],
1365000525,in[sudikoff],
1365000619,in[sudikoff],
1365000634,in[sudikoff],
1365000757,in[sudikoff],
1365000810,in[sudikoff],
1365000959,in[sudikoff],
1365001095,in[sudikoff],
1365001202,in[sudikoff],
1365001284,in[sudikoff],
1365001300,in[sudikoff],
1365001625,in[sudikoff],
1365001954,in[sudikoff],
1365002279,in[sudikoff],
1365002567,in[sudikoff],
1365002604,in[sudikoff],
1365002619,in[sudikoff],
1365002852,in[sudikoff],
1365002944,in[sudikoff],
1365003137,in[sudikoff],
1365003157,in[sudikoff],
1365003268,in[sudikoff],
1365003284,in[sudikoff],
1365003422,in[sudikoff],
1365003610,in[sudikoff],
1365003707,in[sudikoff],
1365003846,in[sudikoff],
1365003938,in[sudikoff],
1365004263,in[sudikoff],
1365004357,near[sudikoff; mclaughlin; ],
1365004609,in[sudikoff],
1365004856,near[mclaughlin; sudikoff; ],
1365005179,in[sudikoff],
1365005464,in[sudikoff],
1365005506,in[sudikoff],
1365005557,in[sudikoff],
1365005749,in[sudikoff],
1365005831,in[sudikoff],
1365005846,in[sudikoff],
1365006034,in[sudikoff],
1365006176,in[sudikoff],
1365006192,in[sudikoff],
1365006319,in[sudikoff],
1365006426,in[sudikoff],
1365006517,in[sudikoff],
1365006532,in[sudikoff],
1365006757,in[sudikoff],
1365006857,in[sudikoff],
1365006872,in[sudikoff],
1365006888,in[sudikoff],
1365007213,in[sudikoff],
1365007506,in[sudikoff],
1365007538,in[sudikoff],
1365007791,in[sudikoff],
1365007863,in[sudikoff],
1365007878,in[sudikoff],
1365007957,in[sudikoff],
1365008076,in[sudikoff],
1365008202,in[sudikoff],
1365008218,in[sudikoff],
1365008361,in[sudikoff],
1365008543,in[sudikoff],
1365008646,in[sudikoff],
1365008869,in[sudikoff],
1365008931,in[sudikoff],
1365009033,in[sudikoff],
1365009157,in[sudikoff],
1365009193,in[sudikoff],
1365009209,in[sudikoff],
1365009534,in[sudikoff],
1365009555,in[sudikoff],
1365009565,in[sudikoff],
1365009833,in[sudikoff],
1365009887,in[sudikoff],
1365009954,in[sudikoff],
1365010212,in[sudikoff],
1365010357,in[sudikoff],
1365010524,in[sudikoff],
1365010536,in[sudikoff],
1365010809,in[sudikoff],
1365010903,in[sudikoff],
1365011094,in[sudikoff],
1365011228,in[sudikoff],
1365011243,in[sudikoff],
1365011379,in[sudikoff],
1365011557,in[sudikoff],
1365011568,in[sudikoff],
1365011664,in[sudikoff],
1365011763,in[sudikoff],
1365011893,in[sudikoff],
1365012221,in[sudikoff],
1365012280,in[sudikoff],
1365012546,in[sudikoff],
1365012757,in[sudikoff],
1365012850,in[sudikoff],
1365012871,in[sudikoff],
1365012887,in[sudikoff],
1365013135,in[sudikoff],
1365013211,in[sudikoff],
1365013420,in[sudikoff],
1365013536,in[sudikoff],
1365013552,in[sudikoff],
1365013706,in[sudikoff],
1365013876,in[sudikoff],
1365013957,in[sudikoff],
1365014106,in[sudikoff],
1365014200,in[sudikoff],
1365014525,in[sudikoff],
1365014608,in[sudikoff],
1365014850,in[sudikoff],
1365015157,in[sudikoff],
1365015176,in[sudikoff],
1365015463,in[sudikoff],
1365015502,in[sudikoff],
1365015748,in[sudikoff],
1365015828,in[sudikoff],
1365016033,in[sudikoff],
1365016155,in[sudikoff],
1365016171,in[sudikoff],
1365016318,in[sudikoff],
1365016357,in[sudikoff],
1365016421,in[sudikoff],
1365016495,in[sudikoff],
1365016821,in[sudikoff],
1365016836,in[sudikoff],
1365017161,in[sudikoff],
1365017220,in[sudikoff],
1365017486,in[sudikoff],
1365017557,in[sudikoff],
1365017790,in[sudikoff],
1365017811,in[sudikoff],
1365018075,in[sudikoff],
1365018136,in[sudikoff],
1365018151,in[sudikoff],
1365018360,in[sudikoff],
1365018477,in[sudikoff],
1365018492,in[sudikoff],
1365018645,in[sudikoff],
1365018757,in[sudikoff],
1365018817,in[sudikoff],
1365018833,in[sudikoff],
1365018930,in[sudikoff],
1365019026,in[sudikoff],
1365019161,in[sudikoff],
1365019486,in[sudikoff],
1365019713,in[sudikoff],
1365019832,in[sudikoff],
1365019957,in[sudikoff],
1365020039,in[sudikoff],
1365020055,in[sudikoff],
1365020117,in[sudikoff],
1365020381,in[sudikoff],
1365020687,in[sudikoff],
1365020707,in[sudikoff],
1365020972,in[sudikoff],
1365021031,in[sudikoff],
1365021047,in[sudikoff],
1365021157,in[sudikoff],
1365021257,in[sudikoff],
1365021373,in[sudikoff],
1365021542,in[sudikoff],
1365021644,in[sudikoff],
1365021698,in[sudikoff],
1365021714,in[sudikoff],
1365022039,in[sudikoff],
1365022357,in[sudikoff],
1365022444,in[sudikoff],
1365022621,in[sudikoff],
1365022729,in[sudikoff],
1365022942,in[sudikoff],
1365023014,in[sudikoff],
1365023267,in[sudikoff],
1365023557,in[sudikoff],
1365023592,in[sudikoff],
1365023869,in[sudikoff],
1365023917,in[sudikoff],
1365024154,in[sudikoff],
1365024241,in[sudikoff],
1365024567,in[sudikoff],
1365024757,in[sudikoff],
1365024892,in[sudikoff],
1365024915,in[sudikoff],
1365025056,in[sudikoff],
1365025269,in[sudikoff],
1365025341,in[sudikoff],
1365025596,in[sudikoff],
1365025911,in[sudikoff],
1365025922,in[sudikoff],
1365025957,in[sudikoff],
1365026196,in[sudikoff],
1365026246,in[sudikoff],
1365026481,in[sudikoff],
1365026572,in[sudikoff],
1365026766,in[sudikoff],
1365026863,in[sudikoff],
1365026897,in[sudikoff],
1365027157,in[sudikoff],
1365027222,in[sudikoff],
1365027547,in[sudikoff],
1365027667,in[sudikoff],
1365027871,in[sudikoff],
1365027953,in[sudikoff],
1365028197,in[sudikoff],
1365028357,in[sudikoff],
1365028522,in[sudikoff],
1365028808,in[sudikoff],
1365028846,in[sudikoff],
1365029093,in[sudikoff],
1365029378,in[sudikoff],
1365029476,in[sudikoff],
1365029497,in[sudikoff],
1365029557,in[sudikoff],
1365029822,in[sudikoff],
1365030147,in[sudikoff],
1365030279,in[sudikoff],
1365030473,in[sudikoff],
1365030564,in[sudikoff],
1365030757,in[sudikoff],
1365030799,in[sudikoff],
1365030810,in[sudikoff],
1365031135,in[sudikoff],
1365031146,in[sudikoff],
1365031419,in[sudikoff],
1365031472,in[sudikoff],
1365031705,in[sudikoff],
1365031797,in[sudikoff],
1365031957,in[sudikoff],
1365032092,in[sudikoff],
1365032121,in[sudikoff],
1365032446,in[sudikoff],
1365032772,in[sudikoff],
1365032891,in[sudikoff],
1365032951,in[sudikoff],
1365033011,in[sudikoff],
1365033095,in[sudikoff],
1365033157,in[sudikoff],
1365033296,in[sudikoff],
1365033421,in[sudikoff],
1365033581,in[sudikoff],
1365033746,in[sudikoff],
1365033866,in[sudikoff],
1365034070,in[sudikoff],
1365034082,in[sudikoff],
1365034151,in[sudikoff],
1365034357,in[sudikoff],
1365034408,in[sudikoff],
1365034721,in[sudikoff],
1365034734,in[sudikoff],
1365034818,in[sudikoff],
1365035059,in[sudikoff],
1365035385,in[sudikoff],
1365035400,in[sudikoff],
1365035557,in[sudikoff],
1365035623,in[sudikoff],
1365035725,in[sudikoff],
1365035908,in[sudikoff],
1365036050,in[sudikoff],
1365036065,in[sudikoff],
1365036193,in[sudikoff],
1365036390,in[sudikoff],
1365036478,in[sudikoff],
1365036716,in[sudikoff],
1365036757,in[sudikoff],
1365037040,in[sudikoff],
1365037055,in[sudikoff],
1365037333,in[sudikoff],
1365037380,in[sudikoff],
1365037431,in[sudikoff],
1365037525,in[sudikoff],
1365037847,in[sudikoff],
1365037858,in[sudikoff],
1365037949,in[sudikoff],
1365038010,in[sudikoff],
1365038183,in[sudikoff],
1365038295,in[sudikoff],
1365038508,in[sudikoff],
1365038520,in[sudikoff],
1365038580,in[sudikoff],
1365038846,in[sudikoff],
1365039150,in[sudikoff],
1365039172,in[sudikoff],
1365039188,in[sudikoff],
1365039199,in[sudikoff],
1365039211,in[sudikoff],
1365039435,in[sudikoff],
1365039535,in[sudikoff],
1365039550,in[sudikoff],
1365039562,in[sudikoff],
1365039573,in[sudikoff],
1365039720,in[sudikoff],
1365039832,in[sudikoff],
1365039898,in[sudikoff],
1365039914,in[sudikoff],
1365040239,in[sudikoff],
1365040357,in[sudikoff],
1365040564,in[sudikoff],
1365040621,in[sudikoff],
1365040682,in[sudikoff],
1365040889,in[sudikoff],
1365040967,in[sudikoff],
1365041215,in[sudikoff],
1365041227,in[sudikoff],
1365041542,in[sudikoff],
1365041557,in[sudikoff],
1365041827,in[sudikoff],
1365041876,in[sudikoff],
1365042112,in[sudikoff],
1365042200,in[sudikoff],
1365042216,in[sudikoff],
1365042397,in[sudikoff],
1365042509,in[sudikoff],
1365042541,in[sudikoff],
1365042557,in[sudikoff],
1365042572,in[sudikoff],
1365042757,in[sudikoff],
1365042786,in[sudikoff],
1365043049,in[sudikoff],
1365043299,in[sudikoff],
1365043409,in[sudikoff],
1365043584,in[sudikoff],
1365043734,in[sudikoff],
1365043749,in[sudikoff],
1365043869,in[sudikoff],
1365043957,in[sudikoff],
1365044075,in[sudikoff],
1365044154,in[sudikoff],
1365044400,in[sudikoff],
1365044724,in[sudikoff],
1365045009,in[sudikoff],
1365045050,in[sudikoff],
1365045062,in[sudikoff],
1365045107,in[sudikoff],
1365045157,in[sudikoff],
1365045388,in[sudikoff],
1365045626,in[sudikoff],
1365045712,in[sudikoff],
1365045911,in[sudikoff],
1365046036,in[sudikoff],
1365046052,in[sudikoff],
1365046063,in[sudikoff],
1365046196,in[sudikoff],
1365046357,in[sudikoff],
1365046390,in[sudikoff],
1365046481,in[sudikoff],
1365046715,in[sudikoff],
1365046727,in[sudikoff],
1365047051,in[sudikoff],
1365047336,in[sudikoff],
1365047377,in[sudikoff],
1365047393,in[sudikoff],
1365047437,in[sudikoff],
1365047559,in[sudikoff],
1365047656,in[sudikoff],
1365047953,in[sudikoff],
1365047977,in[sudikoff],
1365047992,in[sudikoff],
1365048004,in[sudikoff],
1365048238,in[sudikoff],
1365048328,in[sudikoff],
1365048344,in[sudikoff],
1365048356,in[sudikoff],
1365048523,in[sudikoff],
1365048680,in[sudikoff],
1365048757,in[sudikoff],
1365048808,in[sudikoff],
1365049007,in[sudikoff],
1365049093,in[sudikoff],
1365049331,in[sudikoff],
1365049352,in[sudikoff],
1365049362,in[sudikoff],
1365049663,in[sudikoff],
1365049683,in[sudikoff],
1365049698,in[sudikoff],
1365049770,in[sudikoff],
1365049957,in[sudikoff],
1365050024,in[sudikoff],
1365050340,in[sudikoff],
1365050364,in[sudikoff],
1365050625,in[sudikoff],
1365050688,in[sudikoff],
1365050910,in[sudikoff],
1365051014,in[sudikoff],
1365051029,in[sudikoff],
1365051157,in[sudikoff],
1365051356,in[sudikoff],
1365051480,in[sudikoff],
1365051584,in[sudikoff],
1365051681,in[sudikoff],
1365051696,in[sudikoff],
1365052021,in[sudikoff],
1365052096,in[sudikoff],
1365052351,in[sudikoff],
1365052666,in[sudikoff],
1365052676,in[sudikoff],
1365052951,in[sudikoff],
1365053000,in[sudikoff],
1365053236,in[sudikoff],
1365053326,in[sudikoff],
1365053521,in[sudikoff],
1365053557,in[sudikoff],
1365053651,in[sudikoff],
1365053747,in[sudikoff],
1365053807,in[sudikoff],
1365053907,in[sudikoff],
1365054068,in[sudikoff],
1365054083,in[sudikoff],
1365054409,in[sudikoff],
1365054708,in[sudikoff],
1365054733,in[sudikoff],
1365054757,in[sudikoff],
1365054993,in[sudikoff],
1365055057,in[sudikoff],
1365055073,in[sudikoff],
1365055278,in[sudikoff],
1365055398,in[sudikoff],
1365055563,in[sudikoff],
1365055723,in[sudikoff],
1365055739,in[sudikoff],
1365055849,in[sudikoff],
1365055957,in[sudikoff],
1365056063,in[sudikoff],
1365056134,in[sudikoff],
1365056240,in[sudikoff],
1365056387,in[sudikoff],
1365056718,in[sudikoff],
1365057036,in[sudikoff],
1365057157,in[sudikoff],
1365057209,in[sudikoff],
1365057320,in[sudikoff],
1365057533,in[sudikoff],
1365057605,in[sudikoff],
1365057859,in[sudikoff],
1365058176,in[sudikoff],
1365058357,in[sudikoff],
1365058508,in[sudikoff],
1365058792,in[sudikoff],
1365058834,in[sudikoff],
1365058894,in[sudikoff],
1365059078,in[sudikoff],
1365059217,in[sudikoff],
1365059232,in[sudikoff],
1365059264,in[sudikoff],
1365059363,in[sudikoff],
1365059557,in[sudikoff],
1365059592,in[sudikoff],
1365059648,in[sudikoff],
1365059918,in[sudikoff],
1365060032,in[sudikoff],
1365060243,in[sudikoff],
1365060568,in[sudikoff],
1365060757,in[sudikoff],
1365060834,in[sudikoff],
1365060892,in[sudikoff],
1365060908,in[sudikoff],
1365061119,in[sudikoff],
1365061237,in[sudikoff],
1365061404,in[sudikoff],
1365061563,in[sudikoff],
1365061578,in[sudikoff],
1365061689,in[sudikoff],
1365061907,in[sudikoff],
1365061957,in[sudikoff],
1365062019,in[sudikoff],
1365062259,in[sudikoff],
1365062339,in[sudikoff],
1365062544,in[sudikoff],
1365062646,in[sudikoff],
1365062663,in[sudikoff],
1365062805,in[sudikoff],
1365063126,in[sudikoff],
1365063157,in[sudikoff],
1365063205,in[sudikoff],
1365063446,in[sudikoff],
1365063526,in[sudikoff],
1365063731,in[sudikoff],
1365063851,in[sudikoff],
1365064016,in[sudikoff],
1365064176,in[sudikoff],
1365064301,in[sudikoff],
1365064357,in[sudikoff],
1365064500,in[sudikoff],
1365064586,in[sudikoff],
1365064831,in[sudikoff],
1365065155,in[sudikoff],
1365065260,in[sudikoff],
1365065481,in[sudikoff],
1365065548,in[sudikoff],
1365065608,in[sudikoff],
1365065806,in[sudikoff],
1365065893,in[sudikoff],
1365066131,in[sudikoff],
1365066460,in[sudikoff],
1365066748,in[sudikoff],
1365066784,in[sudikoff],
1365066800,in[sudikoff],
1365067033,in[sudikoff],
1365067126,in[sudikoff],
1365067318,in[sudikoff],
1365067432,in[sudikoff],
1365067450,in[sudikoff],
1365067775,in[sudikoff],
1365067957,in[sudikoff],
1365068100,in[sudikoff],
1365068220,in[sudikoff],
1365068249,in[sudikoff],
1365068565,in[sudikoff],
1365068841,in[sudikoff],
1365069135,in[sudikoff],
1365069157,in[sudikoff],
1365069188,in[sudikoff],
1365069420,in[sudikoff],
1365069467,in[sudikoff],
1365069513,in[sudikoff],
1365069752,in[sudikoff],
1365069837,in[sudikoff],
1365070057,in[sudikoff],
1365070163,in[sudikoff],
1365070342,in[sudikoff],
1365070357,in[sudikoff],
1365070487,in[sudikoff],
1365070503,in[sudikoff],
1365070627,in[sudikoff],
1365070828,in[sudikoff],
1365070842,in[sudikoff],
1365070912,in[sudikoff],
1365071167,in[sudikoff],
1365071282,in[sudikoff],
1365071493,in[sudikoff],
1365071557,in[sudikoff],
1365071819,in[sudikoff],
1365072098,in[sudikoff],
1365072145,in[sudikoff],
1365072161,in[sudikoff],
1365072383,in[sudikoff],
1365072486,in[sudikoff],
1365072668,in[sudikoff],
1365072757,in[sudikoff],
1365072953,in[sudikoff],
1365073084,in[sudikoff],
1365073238,in[sudikoff],
1365073410,in[sudikoff],
1365073523,in[sudikoff],
1365073735,in[sudikoff],
1365073767,in[sudikoff],
1365073798,in[sudikoff],
1365073829,in[sudikoff],
1365073906,in[sudikoff],
1365073957,in[sudikoff],
1365074207,in[sudikoff],
1365074533,in[sudikoff],
1365074709,in[sudikoff],
1365074861,in[sudikoff],
1365074994,in[sudikoff],
1365075157,in[sudikoff],
1365075178,in[sudikoff],
1365075279,in[sudikoff],
1365075499,in[sudikoff],
1365075565,in[sudikoff],
1365075753,in[sudikoff],
1365075849,in[sudikoff],
1365076074,in[sudikoff],
1365076135,in[sudikoff],
1365076357,in[sudikoff],
1365076399,in[sudikoff],
1365076414,in[sudikoff],
1365076436,in[sudikoff],
1365076516,in[sudikoff],
1365076767,in[sudikoff],
1365076783,in[sudikoff],
1365076804,in[sudikoff],
1365076814,in[sudikoff],
1365077140,in[sudikoff],
1365077155,in[sudikoff],
1365077321,in[sudikoff],
1365077481,in[sudikoff],
1365077557,in[sudikoff],
1365077606,in[sudikoff],
1365077806,in[sudikoff],
1365077891,in[sudikoff],
1365078131,in[sudikoff],
1365078456,in[sudikoff],
1365078746,in[sudikoff],
1365078757,in[sudikoff],
1365078783,in[sudikoff],
1365079031,in[sudikoff],
1365079107,in[sudikoff],
1365079123,in[sudikoff],
1365079451,in[sudikoff],
1365079778,in[sudikoff],
1365079933,in[sudikoff],
1365079957,in[sudikoff],
1365080103,in[sudikoff],
1365080218,in[sudikoff],
1365080428,in[sudikoff],
1365080503,in[sudikoff],
1365080753,in[sudikoff],
1365081073,in[sudikoff],
1365081157,in[sudikoff],
1365081358,in[sudikoff],
1365081402,in[sudikoff],
1365081643,in[sudikoff],
1365081728,in[sudikoff],
1365081742,in[sudikoff],
1365082053,in[sudikoff],
1365082357,in[sudikoff],
1365082377,in[sudikoff],
1365082393,in[sudikoff],
1365082545,in[sudikoff],
1365082716,in[sudikoff],
1365082830,in[sudikoff],
1365083042,in[sudikoff],
1365083115,in[sudikoff],
1365083370,in[sudikoff],
1365083557,in[sudikoff],
1365083685,in[sudikoff],
1365083695,in[sudikoff],
1365083970,in[sudikoff],
1365084019,in[sudikoff],
1365084034,in[sudikoff],
1365084255,in[sudikoff],
1365084351,in[sudikoff],
1365084685,in[sudikoff],
1365084701,in[sudikoff],
1365084757,in[sudikoff],
1365085027,in[sudikoff],
1365085157,in[sudikoff],
1365085357,in[sudikoff],
1365085442,in[sudikoff],
1365085683,in[sudikoff],
1365085957,in[sudikoff],
1365086007,in[sudikoff],
1365086023,in[sudikoff],
1365086297,in[sudikoff],
1365086343,in[sudikoff],
1365086363,in[sudikoff],
1365086628,in[sudikoff],
1365086687,in[sudikoff],
1365086702,in[sudikoff],
1365086714,in[sudikoff],
1365086913,in[sudikoff],
1365087038,in[sudikoff],
1365087157,in[sudikoff],
1365087363,in[sudikoff],
1365087483,in[sudikoff],
1365087689,in[sudikoff],
1365087700,in[sudikoff],
1365087768,in[sudikoff],
1365088025,in[sudikoff],
1365088162,in[sudikoff],
1365088350,in[sudikoff],
1365088670,in[sudikoff],
1365088955,in[sudikoff],
1365089000,in[sudikoff],
1365089015,in[sudikoff],
1365089240,in[sudikoff],
1365089340,in[sudikoff],
1365089525,in[sudikoff],
1365089557,in[sudikoff],
1365089665,in[sudikoff],
1365089810,in[sudikoff],
1365089990,in[sudikoff],
1365090006,in[sudikoff],
1365090095,in[sudikoff],
1365090332,in[sudikoff],
1365090380,in[sudikoff],
1365090482,in[sudikoff],
1365090657,in[sudikoff],
1365090673,in[sudikoff],
1365090757,in[sudikoff],
1365090998,in[sudikoff],
1365091282,in[sudikoff],
1365091323,in[sudikoff],
1365091339,in[sudikoff],
1365091351,in[sudikoff],
1365091402,in[sudikoff],
1365091677,in[sudikoff],
1365091957,in[sudikoff],
1365092002,in[sudikoff],
1365092017,in[sudikoff],
1365092257,in[sudikoff],
1365092341,in[sudikoff],
1365092542,in[sudikoff],
1365092666,in[sudikoff],
1365092681,in[sudikoff],
1365092827,in[sudikoff],
1365093007,in[sudikoff],
1365093112,in[sudikoff],
1365093157,in[sudikoff],
1365093243,in[sudikoff],
1365093331,in[sudikoff],
1365093367,in[sudikoff],
1365093382,in[sudikoff],
1365093394,in[sudikoff],
1365093719,in[sudikoff],
1365094014,in[sudikoff],
1365094045,in[sudikoff],
1365094060,in[sudikoff],
1365094072,in[sudikoff],
1365094299,in[sudikoff],
1365094357,in[sudikoff],
1365094396,in[sudikoff],
1365094412,in[sudikoff],
1365094584,in[sudikoff],
1365094738,in[sudikoff],
1365094869,in[sudikoff],
1365095063,in[sudikoff],
1365095154,in[sudikoff],
1365095388,in[sudikoff],
1365095404,in[sudikoff],
1365095557,in[sudikoff],
1365095724,in[sudikoff],
1365095826,in[sudikoff],
1365096055,in[sudikoff],
1365096381,in[sudikoff],
1365096396,in[sudikoff],
1365096626,in[sudikoff],
1365096720,in[sudikoff],
1365096736,in[sudikoff],
1365096757,in[sudikoff],
1365096911,in[sudikoff],
1365097060,in[sudikoff],
1365097196,in[sudikoff],
1365097385,in[sudikoff],
1365097481,in[sudikoff],
1365097709,in[sudikoff],
1365097766,in[sudikoff],
1365097957,in[sudikoff],
1365098035,in[sudikoff],
1365098336,in[sudikoff],
1365098361,in[sudikoff],
1365098377,in[sudikoff],
1365098388,in[sudikoff],
1365098410,in[sudikoff],
1365098420,in[sudikoff],
1365098434,in[sudikoff],
1365098744,in[sudikoff],
1365099157,in[sudikoff],
1365099238,in[sudikoff],
1365099401,in[sudikoff],
1365099523,in[sudikoff],
1365099727,in[sudikoff],
1365099808,in[sudikoff],
1365100053,in[sudikoff],
1365100357,in[sudikoff],
1365100377,in[sudikoff],
1365100428,in[sudikoff],
1365100663,in[sudikoff],
1365100749,in[sudikoff],
1365100760,in[sudikoff],
1365100948,in[sudikoff],
1365100994,in[sudikoff],
1365101086,in[sudikoff],
1365101280,in[sudikoff],
1365101411,in[sudikoff],
1365101557,in[sudikoff],
1365101736,in[sudikoff],
1365101748,in[sudikoff],
1365101849,in[sudikoff],
1365102072,in[sudikoff],
1365102134,in[sudikoff],
1365102396,in[sudikoff],
1365102705,in[sudikoff],
1365102720,in[sudikoff],
1365102757,in[sudikoff],
1365102806,in[sudikoff],
1365103036,in[sudikoff],
1365103046,in[sudikoff],
1365103096,in[sudikoff],
1365103372,in[sudikoff],
1365103383,in[sudikoff],
1365103666,in[sudikoff],
1365103709,in[sudikoff],
1365103724,in[sudikoff],
1365103951,in[sudikoff],
1365104050,in[sudikoff],
1365104236,in[sudikoff],
1365104374,in[sudikoff],
1365104389,in[sudikoff],
1365104521,in[sudikoff],
1365104715,in[sudikoff],
1365104807,in[sudikoff],
1365104912,in[sudikoff],
1365105039,in[sudikoff],
1365105051,in[sudikoff],
1365105157,in[sudikoff],
1365105376,in[sudikoff],
1365105423,in[sudikoff],
1365105701,in[sudikoff],
1365105717,in[sudikoff],
1365105993,in[sudikoff],
1365106041,in[sudikoff],
1365106278,in[sudikoff],
1365106357,in[sudikoff],
1365106370,in[sudikoff],
1365106385,in[sudikoff],
1365106397,in[sudikoff],
1365106564,in[sudikoff],
1365106722,in[sudikoff],
1365106737,in[sudikoff],
1365106849,in[sudikoff],
1365107063,in[sudikoff],
1365107134,in[sudikoff],
1365107232,in[sudikoff],
1365107388,in[sudikoff],
1365107557,in[sudikoff],
1365107714,in[sudikoff],
1365108035,in[sudikoff],
1365108095,in[sudikoff],
1365108366,in[sudikoff],
1365108377,in[sudikoff],
1365108665,in[sudikoff],
1365108701,in[sudikoff],
1365108757,in[sudikoff],
1365108950,in[sudikoff],
1365109025,in[sudikoff],
1365109037,in[sudikoff],
1365109235,in[sudikoff],
1365109362,in[sudikoff],
1365109378,in[sudikoff],
1365109521,in[sudikoff],
1365109703,in[sudikoff],
1365109719,in[sudikoff],
1365109805,in[sudikoff],
1365109903,in[sudikoff],
1365109957,in[sudikoff],
1365110043,in[sudikoff],
1365110059,in[sudikoff],
1365110385,in[sudikoff],
1365110618,in[sudikoff],
1365110707,in[sudikoff],
1365110939,in[sudikoff],
1365110992,in[sudikoff],
1365111157,in[sudikoff],
1365111264,in[sudikoff],
1365111562,in[sudikoff],
1365111590,in[sudikoff],
1365111848,in[sudikoff],
1365111914,in[sudikoff],
1365111930,in[sudikoff],
1365112133,in[sudikoff],
1365112254,in[sudikoff],
1365112357,in[sudikoff],
1365112418,in[sudikoff],
1365112523,in[sudikoff],
1365112579,in[sudikoff],
1365112904,in[sudikoff],
1365113229,in[sudikoff],
1365113319,in[sudikoff],
1365113553,in[sudikoff],
1365113604,in[sudikoff],
1365113878,in[sudikoff],
1365114174,in[sudikoff],
1365114203,in[sudikoff],
1365114459,in[sudikoff],
1365114506,in[sudikoff],
1365114528,in[sudikoff],
1365114543,in[sudikoff],
1365114555,in[sudikoff],
1365114757,in[sudikoff],
1365114880,in[sudikoff],
1365114895,in[sudikoff],
1365115076,in[sudikoff],
1365115221,in[sudikoff],
1365115361,in[sudikoff],
1365115547,in[sudikoff],
1365115558,in[sudikoff],
1365115570,in[sudikoff],
1365115646,in[sudikoff],
1365115895,in[sudikoff],
1365115957,in[sudikoff],
1365116216,in[sudikoff],
1365116325,in[sudikoff],
1365116546,in[sudikoff],
1365116833,in[sudikoff],
1365116870,in[sudikoff],
1365117118,in[sudikoff],
1365117157,in[sudikoff],
1365117194,in[sudikoff],
1365117403,in[sudikoff],
1365117519,in[sudikoff],
1365117688,in[sudikoff],
1365117843,in[sudikoff],
1365117973,in[sudikoff],
1365118258,in[sudikoff],
1365118359,in[sudikoff],
1365118493,in[sudikoff],
1365118543,in[sudikoff],
1365118642,in[sudikoff],
1365118819,in[sudikoff],
1365119144,in[sudikoff],
1365119220,in[sudikoff],
1365119280,in[sudikoff],
1365119340,in[sudikoff],
1365119468,in[sudikoff],
1365119557,in[sudikoff],
1365119625,in[sudikoff],
1365119794,in[sudikoff],
1365119808,in[sudikoff],
1365119819,in[sudikoff],
1365119910,in[sudikoff],
1365120144,in[sudikoff],
1365120195,in[sudikoff],
1365120470,in[sudikoff],
1365120757,in[sudikoff],
1365120794,in[sudikoff],
1365121050,in[sudikoff],
1365121119,in[sudikoff],
1365121146,in[sudikoff],
1365121445,in[sudikoff],
1365121457,in[sudikoff],
1365121468,in[sudikoff],
1365121793,in[sudikoff],
1365121952,in[sudikoff],
1365122012,in[sudikoff],
1365122117,in[sudikoff],
1365122132,in[sudikoff],
1365122297,in[sudikoff],
1365122458,in[sudikoff],
1365122582,in[sudikoff],
1365122783,in[sudikoff],
1365122867,in[sudikoff],
1365123109,in[sudikoff],
1365123157,in[sudikoff],
1365123434,in[sudikoff],
1365123722,in[sudikoff],
1365123761,in[sudikoff],
1365123822,in[sudikoff],
1365124086,in[sudikoff],
1365124357,in[sudikoff],
1365124414,in[sudikoff],
1365124624,in[sudikoff],
1365124739,in[sudikoff],
1365124909,in[sudikoff],
1365125064,in[sudikoff],
1365125194,in[sudikoff],
1365125390,in[sudikoff],
1365125479,in[sudikoff],
1365125557,in[sudikoff],
1365125715,in[sudikoff],
1365125764,in[sudikoff],
1365126039,in[sudikoff],
1365126334,in[sudikoff],
1365126364,in[sudikoff],
1365126442,in[sudikoff],
1365126689,in[sudikoff],
1365126757,in[sudikoff],
1365127015,in[sudikoff],
1365127236,in[sudikoff],
1365127296,in[sudikoff],
1365127339,in[sudikoff],
1365127355,in[sudikoff],
1365127657,in[sudikoff],
1365127681,in[sudikoff],
1365127942,in[sudikoff],
1365127957,in[sudikoff],
1365127969,in[sudikoff],
1365127984,in[sudikoff],
1365128227,in[sudikoff],
1365128304,in[sudikoff],
1365128320,in[sudikoff],
1365128512,in[sudikoff],
1365128644,in[sudikoff],
1365128660,in[sudikoff],
1365128797,in[sudikoff],
1365128976,in[sudikoff],
1365129082,in[sudikoff],
1365129157,in[sudikoff],
1365129301,in[sudikoff],
1365129316,in[sudikoff],
1365129642,in[sudikoff],
1365129968,in[sudikoff],
1365129983,in[sudikoff],
1365129995,in[sudikoff],
1365130269,in[sudikoff],
1365130319,in[sudikoff],
1365130334,in[sudikoff],
1365130357,in[sudikoff],
1365130554,in[sudikoff],
1365130659,in[sudikoff],
1365130839,in[sudikoff],
1365130985,in[sudikoff],
1365131124,in[sudikoff],
1365131311,in[sudikoff],
1365131409,in[sudikoff],
1365131557,in[sudikoff],
1365131635,in[sudikoff],
1365131650,in[sudikoff],
1365131662,in[sudikoff],
1365131801,in[sudikoff],
1365131987,in[sudikoff],
1365131999,in[sudikoff],
1365132325,in[sudikoff],
1365132595,in[sudikoff],
1365132649,in[sudikoff],
1365132757,in[sudikoff],
1365132940,in[sudikoff],
1365132974,in[sudikoff],
1365133225,in[sudikoff],
1365133298,in[sudikoff],
1365133510,in[sudikoff],
1365133624,in[sudikoff],
1365133795,in[sudikoff],
1365133948,in[sudikoff],
1365134080,in[sudikoff],
1365134274,in[sudikoff],
1365134365,in[sudikoff],
1365134466,in[sudikoff],
1365134599,in[sudikoff],
1365134924,in[sudikoff],
1365134982,in[sudikoff],
1365135042,in[sudikoff],
1365135157,in[sudikoff],
1365135248,in[sudikoff],
1365135327,in[sudikoff],
1365135574,in[sudikoff],
1365135589,in[sudikoff],
1365135897,in[sudikoff],
1365135913,in[sudikoff],
1365136182,in[sudikoff],
1365136239,in[sudikoff],
1365136254,in[sudikoff],
1365136357,in[sudikoff],
1365136467,in[sudikoff],
1365136579,in[sudikoff],
1365136752,in[sudikoff],
1365136866,in[sudikoff],
1365136904,in[sudikoff],
1365137104,in[sudikoff],
1365137115,in[sudikoff],
1365137436,in[sudikoff],
1365137448,in[sudikoff],
1365137557,in[sudikoff],
1365137654,in[sudikoff],
1365137772,in[sudikoff],
1365137939,in[sudikoff],
1365138097,in[sudikoff],
1365138224,in[sudikoff],
1365138421,in[sudikoff],
1365138509,in[sudikoff],
1365138747,in[sudikoff],
1365138757,in[sudikoff],
1365139073,in[sudikoff],
1365139364,in[sudikoff],
1365139399,in[sudikoff],
1365139474,in[sudikoff],
1365139725,in[sudikoff],
1365139737,in[sudikoff],
1365139957,in[sudikoff],
1365140061,in[sudikoff],
1365140266,in[sudikoff],
1365140326,in[sudikoff],
1365140384,in[sudikoff],
1365140611,in[sudikoff],
1365140709,in[sudikoff],
1365140896,in[sudikoff],
1365141034,in[sudikoff],
1365141049,in[sudikoff],
1365141157,in[sudikoff],
1365141228,in[sudikoff],
1365141374,in[sudikoff],
1365141390,in[sudikoff],
1365141513,in[sudikoff],
1365141715,in[sudikoff],
1365141798,in[sudikoff],
1365142018,in[sudikoff],
1365142083,in[sudikoff],
1365142140,in[sudikoff],
1365142357,in[sudikoff],
1365142460,in[sudikoff],
1365142653,in[sudikoff],
1365142784,in[sudikoff],
1365142799,in[sudikoff],
1365142938,in[sudikoff],
1365143043,in[sudikoff],
1365143124,in[sudikoff],
1365143449,in[sudikoff],
1365143557,in[sudikoff],
1365143774,in[sudikoff],
1365143840,in[sudikoff],
1365144100,in[sudikoff],
1365144111,in[sudikoff],
1365144123,in[sudikoff],
1365144410,in[sudikoff],
1365144447,in[sudikoff],
1365144463,in[sudikoff],
1365144475,in[sudikoff],
1365144665,in[sudikoff],
1365144680,in[sudikoff],
1365144724,in[sudikoff],
1365144740,in[sudikoff],
1365144757,in[sudikoff],
1365144795,in[sudikoff],
1365144811,in[sudikoff],
1365144980,in[sudikoff],
1365145131,in[sudikoff],
1365145147,in[sudikoff],
1365145158,in[sudikoff],
1365145265,in[sudikoff],
1365145483,in[sudikoff],
1365145550,in[sudikoff],
1365145663,in[sudikoff],
1365145808,in[sudikoff],
1365145957,in[sudikoff],
1365146134,in[sudikoff],
1365146150,in[sudikoff],
1365146161,in[sudikoff],
1365146452,in[sudikoff],
1365146486,in[sudikoff],
1365146501,in[sudikoff],
1365146737,in[sudikoff],
1365146825,in[sudikoff],
1365146841,in[sudikoff],
1365147022,in[sudikoff],
1365147157,in[sudikoff],
1365147307,in[sudikoff],
1365147492,in[sudikoff],
1365147592,in[sudikoff],
1365147817,in[sudikoff],
1365147833,in[sudikoff],
1365148158,in[sudikoff],
1365148266,in[sudikoff],
1365148357,in[sudikoff],
1365148483,in[sudikoff],
1365148778,in[sudikoff],
1365148807,in[sudikoff],
1365149123,in[sudikoff],
1365149408,in[sudikoff],
1365149457,in[sudikoff],
1365149472,in[sudikoff],
1365149557,in[sudikoff],
1365149693,in[sudikoff],
1365149797,in[sudikoff],
1365149978,in[sudikoff],
1365150122,in[sudikoff],
1365150133,in[sudikoff],
1365150263,in[sudikoff],
1365150459,in[sudikoff],
1365150471,in[sudikoff],
1365150548,in[sudikoff],
1365150647,in[sudikoff],
1365150757,in[sudikoff],
1365150796,in[sudikoff],
1365150812,in[sudikoff],
1365151137,in[sudikoff],
1365151153,in[sudikoff],
1365151450,in[sudikoff],
1365151479,in[sudikoff],
1365151735,in[sudikoff],
1365151804,in[sudikoff],
1365151957,in[sudikoff],
1365152020,in[sudikoff],
1365152129,in[sudikoff],
1365152305,in[sudikoff],
1365152454,in[sudikoff],
1365152590,in[sudikoff],
1365152779,in[sudikoff],
1365152875,in[sudikoff],
1365153104,in[sudikoff],
1365153157,in[sudikoff],
1365153257,in[sudikoff],
1365153430,in[sudikoff],
1365153452,in[sudikoff],
1365153468,in[sudikoff],
1365153777,in[sudikoff],
1365153797,in[sudikoff],
1365153813,in[sudikoff],
1365153824,in[sudikoff],
1365153836,in[sudikoff],
1365154062,in[sudikoff],
1365154162,in[sudikoff],
1365154216,in[sudikoff],
1365154347,in[sudikoff],
1365154357,in[sudikoff],
1365154537,in[sudikoff],
1365154552,in[sudikoff],
1365154632,in[sudikoff],
1365154877,in[sudikoff],
1365155202,in[sudikoff],
1365155319,in[sudikoff],
1365155527,in[sudikoff],
1365155557,in[sudikoff],
1365155852,in[sudikoff],
1365155864,in[sudikoff],
1365156103,in[sudikoff],
1365156189,in[sudikoff],
1365156204,in[sudikoff],
1365156388,in[sudikoff],
1365156530,in[sudikoff],
1365156673,in[sudikoff],
1365156757,in[sudikoff],
1365156854,in[sudikoff],
1365156866,in[sudikoff],
1365156878,in[sudikoff],
1365156958,in[sudikoff],
1365157204,in[sudikoff],
1365157528,in[sudikoff],
1365157813,in[sudikoff],
1365157855,in[sudikoff],
1365157870,in[sudikoff],
1365157926,in[sudikoff],
1365157957,in[sudikoff],
1365158196,in[sudikoff],
1365158521,in[sudikoff],
1365158544,in[sudikoff],
1365158568,in[sudikoff],
1365158715,in[sudikoff],
1365158889,in[sudikoff],
1365159000,in[sudikoff],
1365159157,in[sudikoff],
1365159213,in[sudikoff],
1365159285,in[sudikoff],
1365159538,in[sudikoff],
1365159855,in[sudikoff],
1365160140,in[sudikoff],
1365160187,in[sudikoff],
1365160357,in[sudikoff],
1365160425,in[sudikoff],
1365160513,in[sudikoff],
1365160848,in[sudikoff],
1365161172,in[sudikoff],
1365161327,in[sudikoff],
1365161387,in[sudikoff],
1365161497,in[sudikoff],
1365161557,in[sudikoff],
1365161672,in[sudikoff],
1365161825,in[sudikoff],
1365161957,in[sudikoff],
1365162150,in[sudikoff],
1365162242,in[sudikoff],
1365162477,in[sudikoff],
1365162527,in[sudikoff],
1365162757,in[sudikoff],
1365162802,in[sudikoff],
1365163097,in[sudikoff],
1365163126,in[sudikoff],
1365163200,in[sudikoff],
1365163450,in[sudikoff],
1365163776,in[sudikoff],
1365163957,in[sudikoff],
1365164059,in[sudikoff],
1365164101,in[sudikoff],
1365164117,in[sudikoff],
1365164404,in[sudikoff],
1365164447,in[sudikoff],
1365164462,in[sudikoff],
1365164689,in[sudikoff],
1365164788,in[sudikoff],
1365164974,in[sudikoff],
1365165113,in[sudikoff],
1365165157,in[sudikoff],
1365165259,in[sudikoff],
1365165439,in[sudikoff],
1365165544,in[sudikoff],
1365165764,in[sudikoff],
1365165829,in[sudikoff],
1365165930,in[sudikoff],
1365166090,in[sudikoff],
1365166161,in[sudikoff],
1365166359,in[sudikoff],
1365166419,in[sudikoff],
1365166434,in[sudikoff],
1365166731,in[sudikoff],
1365166759,in[sudikoff],
1365167017,in[sudikoff],
1365167083,in[sudikoff],
1365167098,in[sudikoff],
1365167302,in[sudikoff],
1365167423,in[sudikoff],
1365167439,in[sudikoff],
1365167479,in[sudikoff],
1365167494,in[sudikoff],
1365167557,in[sudikoff],
1365167818,in[sudikoff],
1365167872,in[sudikoff],
1365167972,in[sudikoff],
1365168143,in[sudikoff],
1365168175,in[sudikoff],
1365168261,in[sudikoff],
1365168582,in[sudikoff],
1365168757,in[sudikoff],
1365168906,in[sudikoff],
1365169058,in[sudikoff],
1365169230,in[sudikoff],
1365169246,in[sudikoff],
1365169344,in[sudikoff],
1365169572,in[sudikoff],
1365169628,in[sudikoff],
1365169897,in[sudikoff],
1365169957,in[sudikoff],
1365170198,in[sudikoff],
1365170221,in[sudikoff],
1365170237,in[sudikoff],
1365170484,in[sudikoff],
1365170562,in[sudikoff],
1365170585,in[sudikoff],
1365170887,in[sudikoff],
1365171100,in[sudikoff],
1365171157,in[sudikoff],
1365171212,in[sudikoff],
1365171227,in[sudikoff],
1365171240,in[sudikoff],
1365171385,in[sudikoff],
1365171565,in[sudikoff],
1365171580,in[sudikoff],
1365171596,in[sudikoff],
1365171670,in[sudikoff],
1365171921,in[sudikoff],
1365171933,in[sudikoff],
1365171944,in[sudikoff],
1365172240,in[sudikoff],
1365172269,in[sudikoff],
1365172357,in[sudikoff],
1365172525,in[sudikoff],
1365172595,in[sudikoff],
1365172810,in[sudikoff],
1365172919,in[sudikoff],
1365173246,in[sudikoff],
1365173557,in[sudikoff],
1365173576,in[sudikoff],
1365173712,in[sudikoff],
1365173900,in[sudikoff],
1365173915,in[sudikoff],
1365173997,in[sudikoff],
1365174239,in[sudikoff],
1365174565,in[sudikoff],
1365174757,in[sudikoff],
1365174852,in[sudikoff],
1365174890,in[sudikoff],
1365175137,in[sudikoff],
1365175215,in[sudikoff],
1365175423,in[sudikoff],
1365175532,in[sudikoff],
1365175866,in[sudikoff],
1365175957,in[sudikoff],
1365176192,in[sudikoff],
1365176324,in[sudikoff],
1365176384,in[sudikoff],
1365176445,in[sudikoff],
1365176517,in[sudikoff],
1365176729,in[sudikoff],
1365176843,in[sudikoff],
1365176858,in[sudikoff],
1365177015,in[sudikoff],
1365177157,in[sudikoff],
1365177184,in[sudikoff],
1365177199,in[sudikoff],
1365177300,in[sudikoff],
1365177525,in[sudikoff],
1365177584,in[sudikoff],
1365177850,in[sudikoff],
1365178155,in[sudikoff],
1365178175,in[sudikoff],
1365178357,in[sudikoff],
1365178487,in[sudikoff],
1365178500,in[sudikoff],
1365178516,in[sudikoff],
1365178772,in[sudikoff],
1365178841,in[sudikoff],
1365178913,in[sudikoff],
1365178925,in[sudikoff],
1365179057,in[sudikoff],
1365179246,in[sudikoff],
1365179342,in[sudikoff],
1365179557,in[sudikoff],
1365179571,in[sudikoff],
1365179627,in[sudikoff],
1365179897,in[sudikoff],
1365180011,in[sudikoff],
1365180221,in[sudikoff],
1365180547,in[sudikoff],
1365180757,in[sudikoff],
1365180813,in[sudikoff],
1365180872,in[sudikoff],
1365180892,in[sudikoff],
1365180908,in[sudikoff],
1365181098,in[sudikoff],
1365181229,in[sudikoff],
1365181383,in[sudikoff],
1365181668,in[sudikoff],
1365181894,in[sudikoff],
1365181953,in[sudikoff],
1365181969,in[sudikoff],
1365182238,in[sudikoff],
1365182290,in[sudikoff],
1365182302,in[sudikoff],
1365182313,in[sudikoff],
1365182523,in[sudikoff],
1365182628,in[sudikoff],
1365182638,in[sudikoff],
1365183157,in[sudikoff],
1365183288,in[sudikoff],
1365183425,in[sudikoff],
1365183614,in[sudikoff],
1365183710,in[sudikoff],
1365183938,in[sudikoff],
1365183995,in[sudikoff],
1365184264,in[sudikoff],
1365184357,in[sudikoff],
1365184565,in[sudikoff],
1365184683,in[sudikoff],
1365184850,in[sudikoff],
1365185009,in[sudikoff],
1365185135,in[sudikoff],
1365185241,in[sudikoff],
1365185334,in[sudikoff],
1365185557,in[sudikoff],
1365185658,in[sudikoff],
1365185983,in[sudikoff],
1365186037,in[sudikoff],
1365186098,in[sudikoff],
1365186308,in[sudikoff],
1365186324,in[sudikoff],
1365186383,in[sudikoff],
1365186649,in[sudikoff],
1365186757,in[sudikoff],
1365186953,in[sudikoff],
1365186973,in[sudikoff],
1365187238,in[sudikoff],
1365187298,in[sudikoff],
1365187523,in[sudikoff],
1365187622,in[sudikoff],
1365187637,in[sudikoff],
1365187808,in[sudikoff],
1365187925,in[sudikoff],
1365187957,in[sudikoff],
1365188286,in[sudikoff],
1365188298,in[sudikoff],
1365188623,in[sudikoff],
1365188710,in[sudikoff],
1365188949,in[sudikoff],
1365188995,in[sudikoff],
1365189157,in[sudikoff],
1365189273,in[sudikoff],
1365189289,in[sudikoff],
1365189309,in[sudikoff],
1365189325,in[sudikoff],
1365189565,in[sudikoff],
1365189646,in[sudikoff],
1365189850,in[sudikoff],
1365189969,in[sudikoff],
1365190135,in[sudikoff],
1365190294,in[sudikoff],
1365190325,in[sudikoff],
1365190357,in[sudikoff],
1365190420,in[sudikoff],
1365190517,in[sudikoff],
1365190648,in[sudikoff],
1365190973,in[sudikoff],
1365191303,in[sudikoff],
1365191382,in[sudikoff],
1365191442,in[sudikoff],
1365191557,in[sudikoff],
1365191628,in[sudikoff],
1365191644,in[sudikoff],
1365191727,in[sudikoff],
1365191969,in[sudikoff],
1365192294,in[sudikoff],
1365192582,in[sudikoff],
1365192618,in[sudikoff],
1365192757,in[sudikoff],
1365192867,in[sudikoff],
1365192943,in[sudikoff],
1365193152,in[sudikoff],
1365193262,in[sudikoff],
1365193595,in[sudikoff],
1365193769,in[sudikoff],
1365193920,in[sudikoff],
1365193957,in[sudikoff],
1365194054,in[sudikoff],
1365194246,in[sudikoff],
1365194339,in[sudikoff],
1365194571,in[sudikoff],
1365194582,in[sudikoff],
1365194907,in[sudikoff],
1365195157,in[sudikoff],
1365195232,in[sudikoff],
1365195480,in[sudikoff],
1365195556,in[sudikoff],
1365195581,in[sudikoff],
1365195882,in[sudikoff],
1365196096,in[sudikoff],
1365196156,in[sudikoff],
1365196208,in[sudikoff],
1365196223,in[sudikoff],
1365196276,in[sudikoff],
1365196357,in[sudikoff],
1365196549,in[sudikoff],
1365196846,in[sudikoff],
1365196875,in[sudikoff],
1365196899,in[sudikoff],
1365197131,in[sudikoff],
1365197225,in[sudikoff],
1365197240,in[sudikoff],
1365197416,in[sudikoff],
1365197557,in[sudikoff],
1365197580,in[sudikoff],
1365197701,in[sudikoff],
1365197905,in[sudikoff],
1365197948,in[sudikoff],
1365197963,in[sudikoff],
1365197978,in[sudikoff],
1365198084,in[sudikoff],
1365198304,in[sudikoff],
1365198439,in[sudikoff],
1365198455,near[sudikoff; burke; college-street; ],
1365198757,in[sudikoff],
1365198781,in[sudikoff],
1365198796,in[sudikoff],
1365198888,in[sudikoff],
1365199122,in[sudikoff],
1365199173,in[sudikoff],
1365199447,in[sudikoff],
1365199743,in[sudikoff],
1365199772,in[sudikoff],
1365199787,in[sudikoff],
1365199957,in[sudikoff],
1365200028,in[sudikoff],
1365200112,in[sudikoff],
1365200313,in[sudikoff],
1365200438,in[sudikoff],
1365200449,in[sudikoff],
1365200598,in[sudikoff],
1365200696,in[sudikoff],
1365200774,in[sudikoff],
1365200795,in[sudikoff],
1365200805,in[sudikoff],
1365201127,in[sudikoff],
1365201157,in[sudikoff],
1365201451,in[sudikoff],
1365201500,in[sudikoff],
1365201775,in[sudikoff],
1365202070,in[sudikoff],
1365202100,in[sudikoff],
1365202355,in[sudikoff],
1365202425,in[sudikoff],
1365202441,in[sudikoff],
1365202456,in[sudikoff],
1365202640,in[sudikoff],
1365202781,in[sudikoff],
1365202797,in[sudikoff],
1365202925,in[sudikoff],
1365203122,in[sudikoff],
1365203210,in[sudikoff],
1365203316,in[sudikoff],
1365203491,in[sudikoff],
1365203557,in[sudikoff],
1365203812,in[sudikoff],
1365203887,in[sudikoff],
1365203947,in[sudikoff],
1365204007,in[sudikoff],
1365204136,in[sudikoff],
1365204292,in[sudikoff],
1365204461,in[sudikoff],
1365204476,in[sudikoff],
1365204577,in[sudikoff],
1365204757,in[sudikoff],
1365204801,in[sudikoff],
1365204816,in[sudikoff],
1365204862,in[sudikoff],
1365205141,in[sudikoff],
1365205432,in[sudikoff],
1365205467,in[sudikoff],
1365205717,in[sudikoff],
1365205792,in[sudikoff],
1365205808,in[sudikoff],
1365205820,in[sudikoff],
1365205957,in[sudikoff],
1365206145,in[sudikoff],
1365206166,in[sudikoff],
1365206176,in[sudikoff],
1365206334,in[sudikoff],
1365206500,in[sudikoff],
1365206515,in[sudikoff],
1365206619,in[sudikoff],
1365206841,in[sudikoff],
1365206852,in[sudikoff],
1365206904,in[sudikoff],
1365207157,in[sudikoff],
1365207177,in[sudikoff],
1365207474,in[sudikoff],
1365207502,in[sudikoff],
1365207759,in[sudikoff],
1365207827,in[sudikoff],
1365208044,in[sudikoff],
1365208146,in[sudikoff],
1365208357,in[sudikoff],
1365208475,in[sudikoff],
1365208496,in[sudikoff],
1365208507,in[sudikoff],
1365208519,in[sudikoff],
1365208661,in[sudikoff],
1365208840,in[sudikoff],
1365208855,in[sudikoff],
1365208946,in[sudikoff],
1365209180,in[sudikoff],
1365209231,in[sudikoff],
1365209505,in[sudikoff],
1365209518,in[sudikoff],
1365209529,in[sudikoff],
1365209557,in[sudikoff],
1365209690,in[sudikoff],
1365209801,in[sudikoff],
1365210012,in[sudikoff],
1365210086,in[sudikoff],
1365210337,in[sudikoff],
1365210486,in[sudikoff],
1365210661,in[sudikoff],
1365210677,in[sudikoff],
1365210757,in[sudikoff],
1365211003,in[sudikoff],
1365211019,in[sudikoff],
1365211273,in[sudikoff],
1365211344,in[sudikoff],
1365211558,in[sudikoff],
1365211669,in[sudikoff],
1365211684,in[sudikoff],
1365211843,in[sudikoff],
1365211957,in[sudikoff],
1365212009,in[sudikoff],
1365212128,in[sudikoff],
1365212336,in[sudikoff],
1365212347,in[sudikoff],
1365212413,in[sudikoff],
1365212672,in[sudikoff],
1365212983,in[sudikoff],
1365212996,in[sudikoff],
1365213080,in[sudikoff],
1365213157,in[sudikoff],
1365213315,in[sudikoff],
1365213600,in[sudikoff],
1365213646,in[sudikoff],
1365213662,in[sudikoff],
1365213885,in[sudikoff],
1365213988,in[sudikoff],
1365214170,in[sudikoff],
1365214312,in[sudikoff],
1365214323,in[sudikoff],
1365214357,in[sudikoff],
1365214455,in[sudikoff],
1365214649,in[sudikoff],
1365214740,in[sudikoff],
1365214974,in[sudikoff],
1365215025,in[sudikoff],
1365215130,in[sudikoff],
1365215298,in[sudikoff],
1365215323,in[sudikoff],
1365215557,in[sudikoff],
1365215642,in[sudikoff],
1365215780,in[sudikoff],
1365215927,in[sudikoff],
1365216104,in[sudikoff],
1365216120,in[sudikoff],
1365216212,in[sudikoff],
1365216444,in[sudikoff],
1365216460,in[sudikoff],
1365216757,in[sudikoff],
1365216785,in[sudikoff],
1365217067,in[sudikoff],
1365217110,in[sudikoff],
1365217126,in[sudikoff],
1365217352,in[sudikoff],
1365217450,in[sudikoff],
1365217775,in[sudikoff],
1365217957,in[sudikoff],
1365218100,in[sudikoff],
1365218111,in[sudikoff],
1365218254,in[sudikoff],
1365218313,in[sudikoff],
1365218328,in[sudikoff],
1365218539,in[sudikoff],
1365218649,in[sudikoff],
1365218664,in[sudikoff],
1365218824,in[sudikoff],
1365218989,in[sudikoff],
1365219109,in[sudikoff],
1365219157,in[sudikoff],
1365219314,in[sudikoff],
1365219329,in[sudikoff],
1365219394,in[sudikoff],
1365219655,in[sudikoff],
1365219964,in[sudikoff],
1365219979,in[sudikoff],
1365220059,in[sudikoff],
1365220148,in[sudikoff],
1365220163,in[sudikoff],
1365220175,in[sudikoff],
1365220357,in[sudikoff],
1365220496,in[sudikoff],
1365220820,in[sudikoff],
1365220866,in[sudikoff],
1365221145,in[sudikoff],
1365221436,in[sudikoff],
1365221469,in[sudikoff],
1365221485,in[sudikoff],
1365221557,in[sudikoff],
1365221721,in[sudikoff],
1365221811,in[sudikoff],
1365222006,in[sudikoff],
1365222135,in[sudikoff],
1365222291,in[sudikoff],
1365222460,in[sudikoff],
1365222576,in[sudikoff],
1365222697,in[sudikoff],
1365222757,in[sudikoff],
1365222785,in[sudikoff],
1365222797,in[sudikoff],
1365222808,in[sudikoff],
1365223133,in[sudikoff],
1365223193,in[sudikoff],
1365223458,in[sudikoff],
1365223763,in[sudikoff],
1365223782,in[sudikoff],
1365223957,in[sudikoff],
1365224048,in[sudikoff],
1365224107,in[sudikoff],
1365224333,in[sudikoff],
1365224431,in[sudikoff],
1365224446,in[sudikoff],
1365224618,in[sudikoff],
1365224771,in[sudikoff],
1365224903,in[sudikoff],
1365225006,in[sudikoff],
1365225095,in[sudikoff],
1365225157,in[sudikoff],
1365225421,in[sudikoff],
1365225432,in[sudikoff],
1365225758,in[sudikoff],
1365225805,in[sudikoff],
1365225865,in[sudikoff],
1365226083,in[sudikoff],
1365226150,in[sudikoff],
1365226357,in[sudikoff],
1365226408,in[sudikoff],
1365226720,in[sudikoff],
1365226732,in[sudikoff],
1365226748,in[sudikoff],
1365227005,in[sudikoff],
1365227072,in[sudikoff],
1365227290,in[sudikoff],
1365227396,in[sudikoff],
1365227557,in[sudikoff],
1365227690,in[sudikoff],
1365227720,in[sudikoff],
1365227736,in[sudikoff],
1365228060,in[sudikoff],
1365228385,in[sudikoff],
1365228477,in[sudikoff],
1365228710,in[sudikoff],
1365228757,in[sudikoff],
1365229034,in[sudikoff],
1365229332,in[sudikoff],
1365229360,in[sudikoff],
1365229375,in[sudikoff],
1365229664,in[sudikoff],
1365229699,in[sudikoff],
1365229948,in[sudikoff],
1365230024,in[sudikoff],
1365230234,in[sudikoff],
1365230348,in[sudikoff],
1365230364,in[sudikoff],
1365230519,in[sudikoff],
1365230688,in[sudikoff],
1365230804,in[sudikoff],
1365231013,in[sudikoff],
1365231089,in[sudikoff],
1365231157,in[sudikoff],
1365231186,in[sudikoff],
1365231337,in[sudikoff],
1365231663,in[sudikoff],
1365231988,in[sudikoff],
1365232024,in[sudikoff],
1365232276,in[sudikoff],
1365232346,in[sudikoff],
1365232357,in[sudikoff],
1365232561,in[sudikoff],
1365232681,in[sudikoff],
1365232846,in[sudikoff],
1365233007,in[sudikoff],
1365233131,in[sudikoff],
1365233333,in[sudikoff],
1365233345,in[sudikoff],
1365233416,in[sudikoff],
1365233557,in[sudikoff],
1365233669,in[sudikoff],
1365233806,in[sudikoff],
1365233995,in[sudikoff],
1365234319,in[sudikoff],
1365234602,in[sudikoff],
1365234645,in[sudikoff],
1365234660,in[sudikoff],
1365234757,in[sudikoff],
1365234887,in[sudikoff],
1365234984,in[sudikoff],
1365235172,in[sudikoff],
1365235310,in[sudikoff],
1365235457,in[sudikoff],
1365235636,in[sudikoff],
1365235742,in[sudikoff],
1365235957,in[sudikoff],
1365236027,in[sudikoff],
1365236287,in[sudikoff],
1365236298,in[sudikoff],
1365236414,in[sudikoff],
1365236623,in[sudikoff],
1365236635,in[sudikoff],
1365236960,in[sudikoff],
1365236976,in[sudikoff],
1365237157,in[sudikoff],
1365237213,in[sudikoff],
1365237301,in[sudikoff],
1365237499,in[sudikoff],
1365237627,in[sudikoff],
1365237643,in[sudikoff],
1365237784,in[sudikoff],
1365237965,in[sudikoff],
1365237981,in[sudikoff],
1365238069,in[sudikoff],
1365238306,in[sudikoff],
1365238354,in[sudikoff],
1365238632,in[sudikoff],
1365238924,in[sudikoff],
1365238957,in[sudikoff],
1365238972,in[sudikoff],
1365238984,in[sudikoff],
1365239029,in[sudikoff],
1365239256,in[sudikoff],
1365239309,in[sudikoff],
1365239325,in[sudikoff],
1365239540,in[sudikoff],
1365239557,in[sudikoff],
1365239649,in[sudikoff],
1365239825,in[sudikoff],
1365239975,in[sudikoff],
1365240110,in[sudikoff],
1365240298,in[sudikoff],
1365240395,in[sudikoff],
1365240625,in[sudikoff],
1365240681,in[sudikoff],
1365240757,in[sudikoff],
1365240949,in[sudikoff],
1365240960,in[sudikoff],
1365240972,in[sudikoff],
1365241063,in[sudikoff],
1365241298,in[sudikoff],
1365241623,in[sudikoff],
1365241867,in[sudikoff],
1365241949,in[sudikoff],
1365242152,in[sudikoff],
1365242273,in[sudikoff],
1365242289,in[sudikoff],
1365242437,in[sudikoff],
1365242615,in[sudikoff],
1365242722,in[sudikoff],
1365242939,in[sudikoff],
1365243007,in[sudikoff],
1365243157,in[sudikoff],
1365243264,in[sudikoff],
1365243577,in[sudikoff],
1365243589,in[sudikoff],
1365243677,in[sudikoff],
1365243914,in[sudikoff],
1365244239,in[sudikoff],
1365244357,in[sudikoff],
1365244479,in[sudikoff],
1365244565,in[sudikoff],
1365244764,in[sudikoff],
1365244891,in[sudikoff],
1365245049,in[sudikoff],
1365245215,in[sudikoff],
1365245334,in[sudikoff],
1365245539,in[sudikoff],
1365245551,in[sudikoff],
1365245619,in[sudikoff],
1365245876,in[sudikoff],
1365245888,in[sudikoff],
1365246189,in[sudikoff],
1365246213,in[sudikoff],
1365246290,in[sudikoff],
1365246538,in[sudikoff],
1365246757,in[sudikoff],
1365246862,in[sudikoff],
1365246878,in[sudikoff],
1365247091,in[sudikoff],
1365247201,in[sudikoff],
1365247376,in[sudikoff],
1365247527,in[sudikoff],
1365247662,in[sudikoff],
1365247852,in[sudikoff],
1365247947,in[sudikoff],
1365247957,in[sudikoff],
1365247981,in[sudikoff],
1365248232,in[sudikoff],
1365248301,in[sudikoff],
1365248313,in[sudikoff],
1365248325,in[sudikoff],
1365248517,in[sudikoff],
1365248649,in[sudikoff],
1365248802,in[sudikoff],
1365248897,in[sudikoff],
1365248974,in[sudikoff],
1365249157,in[sudikoff],
1365249300,in[sudikoff],
1365249625,in[sudikoff],
1365249703,in[sudikoff],
1365249950,in[sudikoff],
1365249962,in[sudikoff],
1365250274,in[sudikoff],
1365250286,in[sudikoff],
1365250357,in[sudikoff],
1365250558,in[sudikoff],
1365250612,in[sudikoff],
1365250843,in[sudikoff],
1365250936,in[sudikoff],
1365251128,in[sudikoff],
1365251260,in[sudikoff],
1365251414,in[sudikoff],
1365251524,in[sudikoff],
1365251557,in[sudikoff],
1365251584,in[sudikoff],
1365251909,in[sudikoff],
1365252234,in[sudikoff],
1365252315,in[sudikoff],
1365252560,in[sudikoff],
1365252757,in[sudikoff],
1365252885,in[sudikoff],
1365252900,in[sudikoff],
1365253171,in[sudikoff],
1365253225,in[sudikoff],
1365253455,in[sudikoff],
1365253551,in[sudikoff],
1365253740,in[sudikoff],
1365253877,in[sudikoff],
1365253957,in[sudikoff],
1365254025,in[sudikoff],
1365254134,in[sudikoff],
1365254201,in[sudikoff],
1365254217,in[sudikoff],
1365254543,in[sudikoff],
1365254642,in[sudikoff],
1365254868,in[sudikoff],
1365254879,in[sudikoff],
1365254927,in[sudikoff],
1365255159,in[sudikoff],
1365255204,in[sudikoff],
1365255224,in[sudikoff],
1365255235,in[sudikoff],
1365255498,in[sudikoff],
1365255610,in[sudikoff],
1365255626,in[sudikoff],
1365255783,in[sudikoff],
1365255950,in[sudikoff],
1365255965,in[sudikoff],
1365255977,in[sudikoff],
1365255989,in[sudikoff],
1365256068,in[sudikoff],
1365256314,in[sudikoff],
1365256359,in[sudikoff],
1365256453,in[sudikoff],
1365256638,in[sudikoff],
1365256963,in[sudikoff],
1365257030,in[sudikoff],
1365257287,in[sudikoff],
1365257557,in[sudikoff],
1365257612,in[sudikoff],
1365257628,in[sudikoff],
1365257885,in[sudikoff],
1365257953,in[sudikoff],
1365258170,in[sudikoff],
1365258279,in[sudikoff],
1365258455,in[sudikoff],
1365258603,in[sudikoff],
1365258619,in[sudikoff],
1365258740,in[sudikoff],
1365258757,in[sudikoff],
1365258844,in[sudikoff],
1365258944,in[sudikoff],
1365258955,in[sudikoff],
1365258967,in[sudikoff],
1365259291,in[sudikoff],
1365259617,in[sudikoff],
1365259927,in[sudikoff],
1365259943,in[sudikoff],
1365259973,in[sudikoff],
1365260212,in[sudikoff],
1365260298,in[sudikoff],
1365260497,in[sudikoff],
1365260624,in[sudikoff],
1365260639,in[sudikoff],
1365260782,in[sudikoff],
1365260965,in[sudikoff],
1365261067,in[sudikoff],
1365261157,in[sudikoff],
1365261290,in[sudikoff],
1365261306,in[sudikoff],
1365261352,in[sudikoff],
1365261452,in[sudikoff],
1365261629,in[sudikoff],
1365261955,in[sudikoff],
1365261971,in[sudikoff],
1365262254,in[sudikoff],
1365262296,in[sudikoff],
1365262357,in[sudikoff],
1365262539,in[sudikoff],
1365262621,in[sudikoff],
1365262637,in[sudikoff],
1365262824,in[sudikoff],
1365262962,in[sudikoff],
1365262978,in[sudikoff],
1365262989,in[sudikoff],
1365263001,in[sudikoff],
1365263109,in[sudikoff],
1365263327,in[sudikoff],
1365263394,in[sudikoff],
1365263559,in[sudikoff],
1365263652,in[sudikoff],
1365263668,in[sudikoff],
1365263964,in[sudikoff],
1365263992,in[sudikoff],
1365264066,in[sudikoff],
1365264317,in[sudikoff],
1365264643,in[sudikoff],
1365264757,in[sudikoff],
1365264866,in[sudikoff],
1365264969,in[sudikoff],
1365265151,in[sudikoff],
1365265293,in[sudikoff],
1365265309,in[sudikoff],
1365265436,in[sudikoff],
1365265635,in[sudikoff],
1365265721,in[sudikoff],
1365265957,in[sudikoff],
1365266006,in[sudikoff],
1365266284,in[sudikoff],
1365266296,in[sudikoff],
1365266576,in[sudikoff],
1365266621,in[sudikoff],
1365266637,in[sudikoff],
1365266680,in[sudikoff],
1365266961,in[sudikoff],
1365266977,in[sudikoff],
1365266988,in[sudikoff],
1365267157,in[sudikoff],
1365267313,in[sudikoff],
1365267478,in[sudikoff],
1365267538,in[sudikoff],
1365267638,in[sudikoff],
1365267653,in[sudikoff],
1365267823,in[sudikoff],
1365267978,in[sudikoff],
1365267994,in[sudikoff],
1365268108,in[sudikoff],
1365268320,in[sudikoff],
1365268357,in[sudikoff],
1365268645,in[sudikoff],
1365268964,in[sudikoff],
1365269249,in[sudikoff],
1365269296,in[sudikoff],
1365269346,in[sudikoff],
1365269557,in[sudikoff],
1365269622,in[sudikoff],
1365269638,in[sudikoff],
1365269649,in[sudikoff],
1365269976,in[sudikoff],
1365270150,in[sudikoff],
1365270300,in[sudikoff],
1365270435,in[sudikoff],
1365270626,in[sudikoff],
1365270641,in[sudikoff],
1365270720,in[sudikoff],
1365270757,in[sudikoff],
1365270967,in[sudikoff],
1365271290,in[sudikoff],
1365271576,in[sudikoff],
1365271618,in[sudikoff],
1365271682,in[sudikoff],
1365271943,in[sudikoff],
1365271957,in[sudikoff],
1365272252,in[sudikoff],
1365272268,in[sudikoff],
1365272538,in[sudikoff],
1365272592,in[sudikoff],
1365272607,in[sudikoff],
1365272823,in[sudikoff],
1365272933,in[sudikoff],
1365272948,in[sudikoff],
1365273108,in[sudikoff],
1365273157,in[sudikoff],
1365273273,in[sudikoff],
1365273393,in[sudikoff],
1365273510,in[sudikoff],
1365273598,in[sudikoff],
1365273613,in[sudikoff],
1365273938,in[sudikoff],
1365273953,in[sudikoff],
1365274009,in[sudikoff],
1365274278,in[sudikoff],
1365274357,in[sudikoff],
1365274579,in[sudikoff],
1365274603,in[sudikoff],
1365274864,in[sudikoff],
1365274911,in[sudikoff],
1365274928,in[sudikoff],
1365275196,in[sudikoff],
1365275254,in[sudikoff],
1365275269,in[sudikoff],
1365275481,in[sudikoff],
1365275557,in[sudikoff],
1365275593,in[sudikoff],
1365275766,in[sudikoff],
1365275919,in[sudikoff],
1365275935,in[sudikoff],
1365276051,in[sudikoff],
1365276259,in[sudikoff],
1365276336,in[sudikoff],
1365276590,in[sudikoff],
1365276726,in[sudikoff],
1365276757,in[sudikoff],
1365276915,in[sudikoff],
1365276931,in[sudikoff],
1365277238,in[sudikoff],
1365277255,in[sudikoff],
1365277523,in[sudikoff],
1365277580,in[sudikoff],
1365277808,in[sudikoff],
1365277905,in[sudikoff],
1365277917,in[sudikoff],
1365277929,in[sudikoff],
1365277957,in[sudikoff],
1365278093,in[sudikoff],
1365278254,in[sudikoff],
1365278270,in[sudikoff],
1365278378,in[sudikoff],
1365278595,in[sudikoff],
1365278607,in[sudikoff],
1365278618,in[sudikoff],
1365278943,in[sudikoff],
1365279056,in[sudikoff],
1365279157,in[sudikoff],
1365279267,in[sudikoff],
1365279565,in[sudikoff],
1365279591,in[sudikoff],
1365279608,in[sudikoff],
1365279850,in[sudikoff],
1365279929,in[sudikoff],
1365279945,in[sudikoff],
1365279956,in[sudikoff],
1365280135,in[sudikoff],
1365280282,in[sudikoff],
1365280357,in[sudikoff],
1365280420,in[sudikoff],
1365280608,in[sudikoff],
1365280623,in[sudikoff],
1365280705,in[sudikoff],
1365280948,in[sudikoff],
1365281273,in[sudikoff],
1365281378,in[sudikoff],
1365281557,in[sudikoff],
1365281599,in[sudikoff],
1365281610,in[sudikoff],
1365281622,in[sudikoff],
1365281892,in[sudikoff],
1365281947,in[sudikoff],
1365281962,in[sudikoff],
1365282177,in[sudikoff],
1365282288,in[sudikoff],
1365282303,in[sudikoff],
1365282462,in[sudikoff],
1365282627,in[sudikoff],
1365282643,in[sudikoff],
1365282747,in[sudikoff],
1365282757,in[sudikoff],
1365282968,in[sudikoff],
1365282984,in[sudikoff],
1365283032,in[sudikoff],
1365283308,in[sudikoff],
1365283423,in[sudikoff],
1365283633,in[sudikoff],
1365283959,in[sudikoff],
1365284219,in[sudikoff],
1365284283,in[sudikoff],
1365284299,in[sudikoff],
1365284315,in[sudikoff],
1365284326,in[sudikoff],
1365284376,in[sudikoff],
1365284504,in[sudikoff],
1365284697,in[sudikoff],
1365284712,in[sudikoff],
1365284789,in[sudikoff],
1365285037,in[sudikoff],
1365285157,in[sudikoff],
1365285359,in[sudikoff],
1365285644,in[sudikoff],
1365285687,in[sudikoff],
1365285751,in[sudikoff],
1365285811,in[sudikoff],
1365286012,in[sudikoff],
1365286096,in[sudikoff],
1365286339,in[sudikoff],
1365286357,in[sudikoff],
1365286663,in[sudikoff],
1365286951,in[sudikoff],
1365286989,in[sudikoff],
1365287236,in[sudikoff],
1365287315,in[sudikoff],
1365287521,in[sudikoff],
1365287557,in[sudikoff],
1365287622,in[sudikoff],
1365287640,in[sudikoff],
1365287965,in[sudikoff],
1365288290,in[sudikoff],
1365288423,in[sudikoff],
1365288616,in[sudikoff],
1365288708,in[sudikoff],
1365288757,in[sudikoff],
1365288780,in[sudikoff],
1365288993,in[sudikoff],
1365289100,in[sudikoff],
1365289112,in[sudikoff],
1365289278,in[sudikoff],
1365289436,in[sudikoff],
1365289563,in[sudikoff],
1365289762,in[sudikoff],
1365289848,in[sudikoff],
1365289957,in[sudikoff],
1365290086,in[sudikoff],
1365290102,in[sudikoff],
1365290113,in[sudikoff],
1365290241,in[sudikoff],
1365546487,in[sudikoff],
1365546659,in[sudikoff],
1365546674,in[sudikoff],
1365546998,in[sudikoff],
1365547324,in[sudikoff],
1365547648,in[sudikoff],
1365547686,in[sudikoff],
1365547973,in[sudikoff],
1365548294,in[sudikoff],
1365548624,in[sudikoff],
1365548886,in[sudikoff],
1365548948,in[sudikoff],
1365549274,in[sudikoff],
1365549598,in[sudikoff],
1365549923,in[sudikoff],
1365550019,in[sudikoff],
1365550086,near[sudikoff; burke; mclaughlin; ],
1365550103,near[sudikoff; burke; mclaughlin; ],
1365550122,near[sudikoff; burke; college-street; ],
1365550146,in[mclaughlin],
1365550157,in[mclaughlin],
1365550193,in[mclaughlin],
1365550203,near[mclaughlin; lsb; dana-library; ],
1365550278,near[dana-library; lsb; vail; ],
1365550294,near[dana-library; lsb; vail; ],
1365550309,in[lsb],
1365550322,in[lsb],
1365550353,in[north-park],
1365550368,in[north-park],
1365550384,in[north-park],
1365550399,in[north-park],
1365550554,in[lsb],
1365550568,in[lsb],
1365550586,in[dana-library],
1365550596,in[dana-library],
1365550612,near[steele; college-street; burke; ],
1365550636,near[baker-berry; websterhall; wentworth; ],
1365550658,near[websterhall; wentworth; baker-berry; ],
1365550673,near[websterhall; sanborn; ],
1365550689,near[hopkins; websterhall; sanborn; ],
1365550725,near[HanoverInn; hanoverpsych; hopkins; ],
1365550740,near[HanoverInn; hanoverpsych; ],
1365550756,near[HanoverInn; north-main; hanoverpsych; ],
1365550814,near[HanoverInn; north-main; hanoverpsych; ],
1365601589,in[north-main],
1365601605,in[north-main],
1365601620,in[north-main],
1365601669,in[north-main],
1365601684,near[HanoverInn; hanoverpsych; carson-tech_services; ],
1365601699,near[HanoverInn; hanoverpsych; carson-tech_services; ],
1365601715,in[wentworth],
1365601756,in[wentworth],
1365601772,near[steele; library-default-services; fairchild; ],
1365601793,near[steele; college-street; burke; ],
1365601809,near[raven-house; moore; sudikoff; ],
1365601852,near[raven-house; sudikoff; ],
1365601868,near[burke; moore; college-street; ],
1365601880,near[burke; moore; college-street; ],
1365601896,in[dana-library],
1365601912,in[dana-library],
1365601928,in[dana-library],
1365601943,in[dana-library],
1365601977,near[dana-library; lsb; ],
1365601987,in[lsb],
1365602096,in[lsb],
1365602111,in[lsb],
1365602127,in[lsb],
1365602141,in[lsb],
1365602151,in[lsb],
1365602161,in[lsb],
1365602193,in[lsb],
1365602204,in[lsb],
1365602214,near[lsb; dana-library; remsen; ],
1365602268,near[lsb; dana-library; remsen; ],
1365602283,near[dana-library; north-park; ],
1365602407,near[dana-library; ropeferry; mclaughlin; ],
1365602424,in[ropeferry],
1365602440,near[mclaughlin; college-street; steele; ],
1365602456,near[mclaughlin; college-street; burke; ],
1365602467,near[burke; mclaughlin; college-street; ],
1365602483,in[mclaughlin],
1365602518,near[mclaughlin; sudikoff; raven-house; ],
1365602534,in[sudikoff],
1365602794,in[sudikoff],
1365602886,in[sudikoff],
1365602910,in[sudikoff],
1365603079,in[sudikoff],
1365603235,in[sudikoff],
1365603250,in[sudikoff],
1365603364,in[sudikoff],
1365603574,in[sudikoff],
1365603649,in[sudikoff],
1365603903,in[sudikoff],
1365604059,in[sudikoff],
1365604086,in[sudikoff],
1365604229,in[sudikoff],
1365604554,in[sudikoff],
1365604880,in[sudikoff],
1365605205,in[sudikoff],
1365605286,in[sudikoff],
1365605531,in[sudikoff],
1365605857,in[sudikoff],
1365606183,in[sudikoff],
1365606486,in[sudikoff],
1365606507,in[sudikoff],
1365606522,in[sudikoff],
1365606741,in[sudikoff],
1365607062,in[sudikoff],
1365607386,in[sudikoff],
1365607686,in[sudikoff],
1365607711,in[sudikoff],
1365607727,in[sudikoff],
1365608052,in[sudikoff],
1365608127,in[sudikoff],
1365608453,in[sudikoff],
1365608778,in[sudikoff],
1365608888,in[sudikoff],
1365609103,in[sudikoff],
1365609429,in[sudikoff],
1365609496,in[sudikoff],
1365609753,in[sudikoff],
1365610078,in[sudikoff],
1365610403,in[sudikoff],
1365610729,in[sudikoff],
1365611055,in[sudikoff],
1365611286,in[sudikoff],
1365611306,in[sudikoff],
1365611378,in[sudikoff],
1365611394,in[sudikoff],
1365611719,in[sudikoff],
1365612043,in[sudikoff],
1365612369,in[sudikoff],
1365612486,in[sudikoff],
1365612695,in[sudikoff],
1365613019,in[sudikoff],
1365613146,in[sudikoff],
1365613344,in[sudikoff],
1365613670,in[sudikoff],
1365613686,in[sudikoff],
1365613995,in[sudikoff],
1365614320,in[sudikoff],
1365614646,in[sudikoff],
1365614886,in[sudikoff],
1365614969,in[sudikoff],
1365615298,in[sudikoff],
1365615623,in[sudikoff],
1365615948,in[sudikoff],
1365616086,in[sudikoff],
1365616277,in[sudikoff],
1365616602,in[sudikoff],
1365616777,in[sudikoff],
1365616926,in[sudikoff],
1365616941,in[sudikoff],
1365617267,in[sudikoff],
1365617286,in[sudikoff],
1365617592,in[sudikoff],
1365617920,in[sudikoff],
1365618246,in[sudikoff],
1365618486,in[sudikoff],
1365618570,in[sudikoff],
1365618585,in[sudikoff],
1365618896,in[sudikoff],
1365619222,in[sudikoff],
1365619547,in[sudikoff],
1365619686,in[sudikoff],
1365619872,in[sudikoff],
1365620197,in[sudikoff],
1365620406,in[sudikoff],
1365620523,in[sudikoff],
1365620848,in[sudikoff],
1365620886,in[sudikoff],
1365621174,in[sudikoff],
1365621500,in[sudikoff],
1365621825,in[sudikoff],
1365622086,in[sudikoff],
1365622151,in[sudikoff],
1365622228,in[sudikoff],
1365622475,in[sudikoff],
1365622801,in[sudikoff],
1365622817,in[sudikoff],
1365623141,in[sudikoff],
1365623286,in[sudikoff],
1365623467,in[sudikoff],
1365623483,in[sudikoff],
1365623807,in[sudikoff],
1365624047,in[sudikoff],
1365624133,in[sudikoff],
1365624458,in[sudikoff],
1365624486,in[sudikoff],
1365624783,in[sudikoff],
1365625108,in[sudikoff],
1365625434,in[sudikoff],
1365625686,in[sudikoff],
1365625758,in[sudikoff],
1365625774,in[sudikoff],
1365625855,in[sudikoff],
1365626103,in[sudikoff],
1365626429,in[sudikoff],
1365626753,in[sudikoff],
1365626886,in[sudikoff],
1365627079,in[sudikoff],
1365627405,in[sudikoff],
1365627420,in[sudikoff],
1365627666,in[sudikoff],
1365627745,in[sudikoff],
1365628071,in[sudikoff],
1365628086,in[sudikoff],
1365628396,in[sudikoff],
1365628721,in[sudikoff],
1365628737,in[sudikoff],
1365629062,in[sudikoff],
1365629286,in[sudikoff],
1365629387,in[sudikoff],
1365629403,in[sudikoff],
1365629481,in[sudikoff],
1365629728,in[sudikoff],
1365630054,in[sudikoff],
1365630378,in[sudikoff],
1365630486,in[sudikoff],
1365630704,in[sudikoff],
1365630851,in[sudikoff],
1365631175,in[sudikoff],
1365631325,in[sudikoff],
1365631499,in[sudikoff],
1365631514,in[sudikoff],
1365631686,in[sudikoff],
1365632164,in[sudikoff],
1365632180,in[sudikoff],
1365632505,in[sudikoff],
1365632830,in[sudikoff],
1365632846,in[sudikoff],
1365632886,in[sudikoff],
1365633143,in[sudikoff],
1365633171,in[sudikoff],
1365633497,in[sudikoff],
1365633821,in[sudikoff],
1365634086,in[sudikoff],
1365634147,in[sudikoff],
1365634472,in[sudikoff],
1365634798,in[sudikoff],
1365634944,in[sudikoff],
1365635000,in[sudikoff],
1365635286,in[sudikoff],
1365635321,in[sudikoff],
1365635538,in[sudikoff],
1365635596,in[sudikoff],
1365635611,in[sudikoff],
1365635658,in[sudikoff],
1365635688,in[sudikoff],
1365635819,in[sudikoff],
1365636140,in[sudikoff],
1365636466,in[sudikoff],
1365636486,in[sudikoff],
1365636511,in[sudikoff],
1365636763,in[sudikoff],
1365636831,in[sudikoff],
1365637157,in[sudikoff],
1365637483,in[sudikoff],
1365637686,in[sudikoff],
1365637808,in[sudikoff],
1365637823,in[sudikoff],
1365638148,in[sudikoff],
1365638473,in[sudikoff],
1365638568,in[sudikoff],
1365638799,in[sudikoff],
1365638886,in[sudikoff],
1365638957,in[sudikoff],
1365639277,in[sudikoff],
1365639602,in[sudikoff],
1365639927,in[sudikoff],
1365640086,in[sudikoff],
1365640251,in[sudikoff],
1365640386,in[sudikoff],
1365640575,in[sudikoff],
1365640900,in[sudikoff],
1365641225,in[sudikoff],
1365641286,in[sudikoff],
1365642186,in[sudikoff],
1365642486,in[sudikoff],
1365643686,in[sudikoff],
1365644046,in[sudikoff],
1365644886,in[sudikoff],
1365645446,in[sudikoff],
1365645469,in[sudikoff],
1365645906,in[sudikoff],
1365646086,in[sudikoff],
1365647286,in[sudikoff],
1365647766,in[sudikoff],
1365648486,in[sudikoff],
1365649626,in[sudikoff],
1365649686,in[sudikoff],
1365650886,in[sudikoff],
1365651486,in[sudikoff],
1365652086,in[sudikoff],
1365653286,in[sudikoff],
1365654486,in[sudikoff],
1365655146,in[sudikoff],
1365655686,in[sudikoff],
1365656886,in[sudikoff],
1365656969,in[sudikoff],
1365658086,in[sudikoff],
1365658107,in[sudikoff],
1365658806,in[sudikoff],
1365659286,in[sudikoff],
1365660486,in[sudikoff],
1365660666,in[sudikoff],
1365661686,in[sudikoff],
1365662526,in[sudikoff],
1365662886,in[sudikoff],
1365664086,in[sudikoff],
1365664362,in[sudikoff],
1365665286,in[sudikoff],
1365666168,in[sudikoff],
1365666486,in[sudikoff],
1365667686,in[sudikoff],
1365667986,in[sudikoff],
1365668505,in[sudikoff],
1365668521,in[sudikoff],
1365668886,in[sudikoff],
1365669846,in[sudikoff],
1365670086,in[sudikoff],
1365670300,in[sudikoff],
1365671286,in[sudikoff],
1365671706,in[sudikoff],
1365672486,in[sudikoff],
1365673513,in[sudikoff],
1365673686,in[sudikoff],
1365674609,in[sudikoff],
1365674636,in[sudikoff],
1365674651,in[sudikoff],
1365674886,in[sudikoff],
1365675366,in[sudikoff],
1365676086,in[sudikoff],
1365677226,in[sudikoff],
1365677286,in[sudikoff],
1365678486,in[sudikoff],
1365679086,in[sudikoff],
1365679686,in[sudikoff],
1365680886,in[sudikoff],
1365682086,in[sudikoff],
1365682746,in[sudikoff],
1365683286,in[sudikoff],
1365684486,in[sudikoff],
1365684564,in[sudikoff],
1365685686,in[sudikoff],
1365686370,in[sudikoff],
1365686886,in[sudikoff],
1366033330,in[north-main],
1366033349,in[north-main],
1366033364,in[north-main],
1366033411,in[north-main],
1366033427,in[HanoverInn],
1366033442,in[HanoverInn],
1366033458,near[HanoverInn; baker-berry; east-wheelock; ],
1366033473,near[HanoverInn; hopkins; carson-tech_services; ],
1366033495,near[HanoverInn; carson-tech_services; hopkins; ],
1366033511,near[baker-berry; hopkins; dartmouth_hall; websterhall; ],
1366033529,near[college-street; steele; baker-berry; ],
1366033545,in[college-street],
1366033576,near[mclaughlin; sudikoff; ],
1366033595,near[sudikoff; raven-house; ropeferry; ],
1366033697,near[sudikoff; raven-house; ropeferry; ],
1366034115,in[sudikoff],
1366034240,in[sudikoff],
1366034547,in[sudikoff],
1366034565,in[sudikoff],
1366034906,in[sudikoff],
1366035231,in[sudikoff],
1366035557,in[sudikoff],
1366035747,in[sudikoff],
1366035886,in[sudikoff],
1366035964,in[sudikoff],
1366036212,in[sudikoff],
1366036538,in[sudikoff],
1366036863,in[sudikoff],
1366036947,in[sudikoff],
1366037189,in[sudikoff],
1366037514,in[sudikoff],
1366037778,in[sudikoff],
1366037839,in[sudikoff],
1366038147,in[sudikoff],
1366038165,in[sudikoff],
1366038490,in[sudikoff],
1366038593,in[sudikoff],
1366038915,in[sudikoff],
1366039239,in[sudikoff],
1366039347,in[sudikoff],
1366039565,in[sudikoff],
1366039616,in[sudikoff],
1366039710,in[sudikoff],
1366040031,in[sudikoff],
1366040356,in[sudikoff],
1366040547,in[sudikoff],
1366040681,in[sudikoff],
1366041006,in[sudikoff],
1366041397,in[sudikoff],
1366041426,in[sudikoff],
1366041722,in[sudikoff],
1366041747,in[sudikoff],
1366042050,in[sudikoff],
1366042374,in[sudikoff],
1366042700,in[sudikoff],
1366042947,in[sudikoff],
1366043026,in[sudikoff],
1366043041,in[sudikoff],
1366043232,in[sudikoff],
1366043367,in[sudikoff],
1366043693,in[sudikoff],
1366044018,in[sudikoff],
1366044147,in[sudikoff],
1366044343,in[sudikoff],
1366044668,in[sudikoff],
1366044993,in[sudikoff],
1366045071,in[sudikoff],
1366045318,in[sudikoff],
1366045347,in[sudikoff],
1366045643,in[sudikoff],
1366045968,in[sudikoff],
1366046293,in[sudikoff],
1366046547,in[sudikoff],
1366046622,in[sudikoff],
1366046657,in[sudikoff],
1366046886,in[sudikoff],
1366046977,in[sudikoff],
1366047303,in[sudikoff],
1366047628,in[sudikoff],
1366047747,in[sudikoff],
1366047952,in[sudikoff],
1366048278,in[sudikoff],
1366048603,in[sudikoff],
1366048746,in[sudikoff],
1366048929,in[sudikoff],
1366048947,in[sudikoff],
1366049254,in[sudikoff],
1366049579,in[sudikoff],
1366049905,in[sudikoff],
1366050147,in[sudikoff],
1366050168,in[sudikoff],
1366050489,in[sudikoff],
1366050566,in[sudikoff],
1366050814,in[sudikoff],
1366051140,in[sudikoff],
1366051347,in[sudikoff],
1366051464,in[sudikoff],
1366051789,in[sudikoff],
1366052114,in[sudikoff],
1366052390,in[sudikoff],
1366052439,in[sudikoff],
1366052547,in[sudikoff],
1366052763,in[sudikoff],
1366053395,in[sudikoff],
1366053720,in[sudikoff],
1366053747,in[sudikoff],
1366054047,in[sudikoff],
1366054201,in[sudikoff],
1366054373,in[sudikoff],
1366054698,in[sudikoff],
1366054947,in[sudikoff],
1366055022,in[sudikoff],
1366055038,in[sudikoff],
1366055364,in[sudikoff],
1366056008,in[sudikoff],
1366056147,in[sudikoff],
1366056344,in[sudikoff],
1366056360,in[sudikoff],
1366056685,in[sudikoff],
1366056956,in[sudikoff],
1366057277,in[sudikoff],
1366057347,in[sudikoff],
1366057602,in[sudikoff],
1366057832,in[sudikoff],
1366057927,in[sudikoff],
1366057943,in[sudikoff],
1366058269,in[sudikoff],
1366058547,in[sudikoff],
1366058594,in[sudikoff],
1366058610,in[sudikoff],
1366058621,in[sudikoff],
1366058633,in[sudikoff],
1366058959,in[sudikoff],
1366059298,in[sudikoff],
1366059633,in[sudikoff],
1366059747,in[sudikoff],
1366059958,in[sudikoff],
1366060283,in[sudikoff],
1366060609,in[sudikoff],
1366060945,in[sudikoff],
1366061271,in[sudikoff],
1366061453,in[sudikoff],
1366061596,in[sudikoff],
1366061920,in[sudikoff],
1366062147,in[sudikoff],
1366062246,in[sudikoff],
1366062261,in[sudikoff],
1366062585,in[sudikoff],
1366062910,in[sudikoff],
1366063183,in[sudikoff],
1366063266,in[sudikoff],
1366063347,in[sudikoff],
1366063508,in[sudikoff],
1366063523,in[sudikoff],
1366063535,in[sudikoff],
1366063859,in[sudikoff],
1366064184,in[sudikoff],
1366064509,in[sudikoff],
1366064547,in[sudikoff],
1366064834,in[sudikoff],
1366065075,in[sudikoff],
1366065159,in[sudikoff],
1366065174,in[sudikoff],
1366065500,in[sudikoff],
1366065747,in[sudikoff],
1366065824,in[sudikoff],
1366066148,in[sudikoff],
1366066160,in[sudikoff],
1366066485,in[sudikoff],
1366066812,in[sudikoff],
1366066889,in[sudikoff],
1366066947,in[sudikoff],
1366067137,in[sudikoff],
1366067152,in[sudikoff],
1366067369,in[sudikoff],
1366067425,in[sudikoff],
1366067464,near[sudikoff; burke; steele; ],
1366067524,near[mclaughlin; burke; steele; ],
1366067590,near[mclaughlin; dana-library; burke; ],
1366067832,in[dana-library],
1366068018,in[dana-library],
1366068033,in[dana-library],
1366068057,in[burke],
1366068068,near[burke; steele; college-street; ],
1366068080,near[baker-berry; steele; college-street; ],
1366068096,near[baker-berry; wentworth; hopkins; ],
1366068149,in[baker-berry],
1366068175,in[baker-berry],
1366068190,in[HanoverInn],
1366068206,in[HanoverInn],
1366068222,in[HanoverInn],
1366068239,in[HanoverInn],
1366120042,in[north-main],
1366120054,in[north-main],
1366120070,in[north-main],
1366120085,near[HanoverInn; hopkins; north-main; carson-tech_services; ],
1366120113,near[reed; HanoverInn; baker-berry; carson-tech_services; ],
1366120128,in[reed],
1366120144,near[baker-berry; websterhall; reed; ],
1366120157,near[baker-berry; websterhall; steele; ],
1366120172,near[steele; baker-berry; college-street; ],
1366120187,near[steele; college-street; baker-berry; ],
1366120233,in[sudikoff],
1366120260,in[sudikoff],
1366120662,in[sudikoff],
1366120947,in[sudikoff],
1366120987,in[sudikoff],
1366121003,in[sudikoff],
1366121327,in[sudikoff],
1366121339,in[sudikoff],
1366121664,in[sudikoff],
1366121989,in[sudikoff],
1366122066,in[sudikoff],
1366122147,in[sudikoff],
1366122313,in[sudikoff],
1366122639,in[sudikoff],
1366122966,in[sudikoff],
1366123292,in[sudikoff],
1366123347,in[sudikoff],
1366123617,in[sudikoff],
1366123926,in[sudikoff],
1366123942,in[sudikoff],
1366124266,in[sudikoff],
1366124547,in[sudikoff],
1366124592,in[sudikoff],
1366124608,in[sudikoff],
1366124933,in[sudikoff],
1366125257,in[sudikoff],
1366125583,in[sudikoff],
1366125732,in[sudikoff],
1366125747,in[sudikoff],
1366125908,in[sudikoff],
1366126141,in[sudikoff],
1366126462,in[sudikoff],
1366126787,in[sudikoff],
1366126947,in[sudikoff],
1366127112,in[sudikoff],
1366127438,in[sudikoff],
1366127586,in[sudikoff],
1366127763,in[sudikoff],
1366128087,in[sudikoff],
1366128147,in[sudikoff],
1366128412,in[sudikoff],
1366128737,in[sudikoff],
1366129062,in[sudikoff],
1366129347,in[sudikoff],
1366129387,in[sudikoff],
1366129713,in[sudikoff],
1366130038,in[sudikoff],
1366130363,in[sudikoff],
1366130547,in[sudikoff],
1366130687,in[sudikoff],
1366130703,in[sudikoff],
1366131029,in[sudikoff],
1366131212,in[sudikoff],
1366131354,in[sudikoff],
1366131369,in[sudikoff],
1366131695,in[sudikoff],
1366131747,in[sudikoff],
1366132020,in[sudikoff],
1366132346,in[sudikoff],
1366132672,in[sudikoff],
1366132947,in[sudikoff],
1366132996,in[sudikoff],
1366133012,in[sudikoff],
1366133337,in[sudikoff],
1366133663,in[sudikoff],
1366133989,in[sudikoff],
1366134147,in[sudikoff],
1366134314,in[sudikoff],
1366134641,in[sudikoff],
1366134846,in[sudikoff],
1366134965,in[sudikoff],
1366135291,in[sudikoff],
1366135347,in[sudikoff],
1366135615,in[sudikoff],
1366135941,in[sudikoff],
1366136266,in[sudikoff],
1366136547,in[sudikoff],
1366136591,in[sudikoff],
1366136667,in[sudikoff],
1366136915,in[sudikoff],
1366137241,in[sudikoff],
1366137569,in[sudikoff],
1366137747,in[sudikoff],
1366137894,in[sudikoff],
1366138219,in[sudikoff],
1366138475,in[sudikoff],
1366138545,in[sudikoff],
1366138753,in[sudikoff],
1366138947,in[sudikoff],
1366139073,in[sudikoff],
1366139089,in[sudikoff],
1366139414,in[sudikoff],
1366139739,in[sudikoff],
1366140065,in[sudikoff],
1366140147,in[sudikoff],
1366140288,in[sudikoff],
1366140389,in[sudikoff],
1366140405,in[sudikoff],
1366140730,in[sudikoff],
1366141055,in[sudikoff],
1366141347,in[sudikoff],
1366141381,in[sudikoff],
1366141396,in[sudikoff],
1366141722,in[sudikoff],
1366142048,in[sudikoff],
1366142106,in[sudikoff],
1366142373,in[sudikoff],
1366142547,in[sudikoff],
1366142698,in[sudikoff],
1366143144,in[sudikoff],
1366143469,in[sudikoff],
1366143747,in[sudikoff],
1366143795,in[sudikoff],
1366143924,in[sudikoff],
1366143963,in[sudikoff],
1366143978,in[sudikoff],
1366144299,in[sudikoff],
1366144625,in[sudikoff],
1366144947,in[sudikoff],
1366145276,in[sudikoff],
1366145601,in[sudikoff],
1366145613,in[sudikoff],
1366145766,in[sudikoff],
1366145937,in[sudikoff],
1366146147,in[sudikoff],
1366146262,in[sudikoff],
1366146277,in[sudikoff],
1366146390,in[sudikoff],
1366146710,in[sudikoff],
1366146722,in[sudikoff],
1366147047,in[sudikoff],
1366147347,in[sudikoff],
1366147371,in[sudikoff],
1366147496,in[sudikoff],
1366147583,in[mclaughlin],
1366147609,in[mclaughlin],
1366147629,in[mclaughlin],
1366147657,in[mclaughlin],
1366147724,near[dana-library; ropeferry; mclaughlin; ],
1366147921,near[lsb; north-park; dana-library; ],
1366147946,near[lsb; north-park; vail; ],
1366147977,in[lsb],
1366147987,in[lsb],
1366148033,in[lsb],
1366148148,in[lsb],
1366148163,in[lsb],
1366148179,near[lsb; dana-library; ],
1366148194,near[dana-library; mclaughlin; lsb; ],
1366148219,in[steele],
1366148234,near[steele; baker-berry; college-street; ],
1366148245,near[steele; wentworth; baker-berry; ],
1366148260,near[wentworth; hopkins; sanborn; ],
1366148275,near[parkhurst; hopkins; sanborn; ],
1366148290,near[parkhurst; hopkins; sanborn; ],
1366148306,near[parkhurst; hopkins; sanborn; ],
1366148321,near[parkhurst; baker-berry; hopkins; ],
1366148370,near[hopkins; HanoverInn; baker-berry; ],
1366148385,near[HanoverInn; hanoverpsych; ],
1366148401,near[HanoverInn; hanoverpsych; baker-berry; ],
1366148426,near[north-main; HanoverInn; hanoverpsych; ],
1366148448,in[north-main],
1366148463,in[north-main],
1366148479,in[north-main],
1366148494,in[north-main],
1366148510,in[north-main],
1366148525,in[north-main],
1366828824,in[north-main],
1366828850,in[north-main],
1366828882,in[HanoverInn],
1366828898,in[HanoverInn],
1366828942,in[HanoverInn],
1366828952,near[wentworth; baker-berry; thornton; ],
1366828977,near[steele; baker-berry; college-street; ],
1366828999,in[steele],
1366829026,in[steele],
1366829114,near[sudikoff; college-street; steele; ],
1366829174,in[sudikoff],
1366829234,in[sudikoff],
1366829294,in[sudikoff],
1366829354,in[sudikoff],
1366829395,in[sudikoff],
1366829474,in[sudikoff],
1366829534,in[sudikoff],
1366829594,in[sudikoff],
1366829654,in[sudikoff],
1366829715,in[sudikoff],
1366829775,in[sudikoff],
1366829835,in[sudikoff],
1366829895,in[sudikoff],
1366829955,in[sudikoff],
1366830015,in[sudikoff],
1366830075,in[sudikoff],
1366830135,in[sudikoff],
1366830149,in[sudikoff],
1366830195,in[sudikoff],
1366830255,in[sudikoff],
1366830316,in[sudikoff],
1366830376,in[sudikoff],
1366830436,in[sudikoff],
1366830496,in[sudikoff],
1366830556,in[sudikoff],
1366830616,in[sudikoff],
1366830693,in[sudikoff],
1366830753,in[sudikoff],
1366830813,in[sudikoff],
1366830873,in[sudikoff],
1366830933,in[sudikoff],
1366830993,in[sudikoff],
1366831053,in[sudikoff],
1366831113,in[sudikoff],
1366831173,in[sudikoff],
1366831234,in[sudikoff],
1366831294,in[sudikoff],
1366831347,in[sudikoff],
1366831414,in[sudikoff],
1366831474,in[sudikoff],
1366831534,in[sudikoff],
1366831594,in[sudikoff],
1366831654,in[sudikoff],
1366831714,in[sudikoff],
1366831774,in[sudikoff],
1366831835,in[sudikoff],
1366831895,in[sudikoff],
1366831955,in[sudikoff],
1366832015,in[sudikoff],
1366832075,in[sudikoff],
1366832135,in[sudikoff],
1366832195,in[sudikoff],
1366832255,in[sudikoff],
1366832315,in[sudikoff],
1366832375,in[sudikoff],
1366832452,in[sudikoff],
1366832512,in[sudikoff],
1366832549,in[sudikoff],
1366832632,in[sudikoff],
1366832692,in[sudikoff],
1366832753,in[sudikoff],
1366832813,in[sudikoff],
1366832873,in[sudikoff],
1366832933,in[sudikoff],
1366832993,in[sudikoff],
1366833053,in[sudikoff],
1366833113,in[sudikoff],
1366833136,in[sudikoff],
1366833233,in[sudikoff],
1366833293,in[sudikoff],
1366833353,in[sudikoff],
1366833413,in[sudikoff],
1366833464,in[sudikoff],
1366833534,in[sudikoff],
1366833594,in[sudikoff],
1366833654,in[sudikoff],
1366833714,in[sudikoff],
1366833750,in[sudikoff],
1366833789,in[sudikoff],
1366833834,in[sudikoff],
1366833894,in[sudikoff],
1366833954,in[sudikoff],
1366834014,in[sudikoff],
1366834074,in[sudikoff],
1366834114,in[sudikoff],
1366834211,in[sudikoff],
1366834234,in[sudikoff],
1366834331,in[sudikoff],
1366834392,in[sudikoff],
1366834452,in[sudikoff],
1366834512,in[sudikoff],
1366834555,in[sudikoff],
1366834632,in[sudikoff],
1366834692,in[sudikoff],
1366834752,in[sudikoff],
1366834812,in[sudikoff],
1366834872,in[sudikoff],
1366834932,in[sudikoff],
1366834949,in[sudikoff],
1366835053,in[sudikoff],
1366835113,in[sudikoff],
1366835173,in[sudikoff],
1366835206,in[sudikoff],
1366835293,in[sudikoff],
1366835353,in[sudikoff],
1366835413,in[sudikoff],
1366835473,in[sudikoff],
1366835533,in[sudikoff],
1366835593,in[sudikoff],
1366835654,in[sudikoff],
1366835714,in[sudikoff],
1366835774,in[sudikoff],
1366835834,in[sudikoff],
1366835860,in[sudikoff],
1366835970,in[sudikoff],
1366836031,in[sudikoff],
1366836091,in[sudikoff],
1366836147,in[sudikoff],
1366836184,in[sudikoff],
1366836271,in[sudikoff],
1366836331,in[sudikoff],
1366836391,in[sudikoff],
1366836451,in[sudikoff],
1366836508,in[sudikoff],
1366836571,in[sudikoff],
1366836631,in[sudikoff],
1366836691,in[sudikoff],
1366836751,in[sudikoff],
1366836771,in[sudikoff],
1366836872,in[sudikoff],
1366836932,in[sudikoff],
1366836992,in[sudikoff],
1366837052,in[sudikoff],
1366837097,in[sudikoff],
1366837172,in[sudikoff],
1366837232,in[sudikoff],
1366837292,in[sudikoff],
1366837347,in[sudikoff],
1366837413,in[sudikoff],
1366837427,in[sudikoff],
1366837473,in[sudikoff],
1366837533,in[sudikoff],
1366837593,in[sudikoff],
1366837653,in[sudikoff],
1366837730,in[sudikoff],
1366837752,in[sudikoff],
1366837850,in[sudikoff],
1366837910,in[sudikoff],
1366837970,in[sudikoff],
1366838030,in[sudikoff],
1366838077,in[sudikoff],
1366838092,in[sudikoff],
1366838150,in[sudikoff],
1366838210,in[sudikoff],
1366838270,in[sudikoff],
1366838281,in[sudikoff],
1366838330,in[sudikoff],
1366838390,in[sudikoff],
1366838451,in[sudikoff],
1366838506,in[sudikoff],
1366838532,in[sudikoff],
1366838549,near[sudikoff; mclaughlin; ],
1366838613,in[mclaughlin],
1366838641,in[mclaughlin],
1366838728,near[mclaughlin; ropeferry; dana-library; ],
1366838744,in[dana-library],
1366838793,near[dana-library; vail; remsen; ],
1366838836,near[dana-library; vail; remsen; ],
1366838852,near[dana-library; remsen; vail; ],
1366838884,near[dana-library; remsen; vail; ],
1366838930,in[dana-library],
1366839063,in[lsb],
1366839078,in[lsb],
1366839093,near[dana-library; ropeferry; mclaughlin; ],
1366839106,near[ropeferry; mclaughlin; dana-library; ],
1366839121,near[steele; baker-berry; college-street; ],
1366839144,near[baker-berry; reed; websterhall; ],
1366839166,in[baker-berry],
1366839177,near[baker-berry; sanborn; parkhurst; ],
1366839209,near[baker-berry; sanborn; parkhurst; ],
1366839224,near[robinson; baker-berry; hopkins; ],
1366839240,near[robinson; baker-berry; hopkins; ],
1366839255,near[hopkins; robinson; baker-berry; ],
1366839304,near[hopkins; HanoverInn; east-wheelock; ],
1366839320,near[HanoverInn; east-wheelock; ],
1366839336,near[HanoverInn; east-wheelock; ],
1366839351,near[HanoverInn; east-wheelock; ],
1366839436,in[north-main],
1366839451,in[north-main],
1366839483,in[north-main],
1366839499,in[north-main],
1366839541,in[north-main],
1366839557,in[vac],
1366839572,in[vac],
1366839588,near[north-main; vac; ],
1366839604,near[north-main; vac; ],
1366839620,near[north-main; vac; ],
1366839635,in[north-main],
1366839667,in[north-main],
1366839682,in[north-main],
1366839698,in[north-main],
1366839714,in[north-main],
1366839729,in[north-main],
1366839745,in[north-main],
1366839765,in[north-main],
1366839781,in[north-main],
1366839796,in[north-main],
1366839812,in[7-lebanon],
1366839836,in[currier],
1366901325,in[north-main],
1366901357,in[north-main],
1366901372,in[north-main],
1366901388,near[HanoverInn; hanoverpsych; ],
1366901403,near[HanoverInn; hanoverpsych; ],
1366901419,near[HanoverInn; hanoverpsych; ],
1366901434,near[hopkins; HanoverInn; hanoverpsych; ],
1366901565,in[hopkins],
1366901612,near[hopkins; carson-tech_services; ],
1366901672,near[hopkins; carson-tech_services; ],
1366901732,near[hopkins; carson-tech_services; ],
1366901760,in[hopkins],
1366901776,in[hopkins],
1366901791,in[hopkins],
1366901853,in[hopkins],
1366901913,near[hopkins; carson-tech_services; ],
1366902001,in[hopkins],
1366902062,in[hopkins],
1366902118,in[hopkins],
1366902134,near[hopkins; carson-tech_services; reed; ],
1366902149,in[hopkins],
1366902242,in[hopkins],
1366902302,near[hopkins; carson-tech_services; reed; ],
1366902362,near[hopkins; carson-tech_services; reed; ],
1366902422,near[hopkins; carson-tech_services; reed; ],
1366902458,near[hopkins; carson-tech_services; reed; ],
1366902542,in[hopkins],
1366902602,in[hopkins],
1366902662,near[hopkins; reed; carson-tech_services; ],
1366902723,near[hopkins; reed; carson-tech_services; ],
1366902783,near[hopkins; carson-tech_services; reed; ],
1366902843,in[hopkins],
1366902903,in[hopkins],
1366902963,near[hopkins; carson-tech_services; reed; ],
1366903023,near[hopkins; carson-tech_services; reed; ],
1366903083,near[hopkins; carson-tech_services; reed; ],
1366903137,near[hopkins; carson-tech_services; reed; ],
1366903152,in[hopkins],
1366903203,near[hopkins; carson-tech_services; reed; ],
1366903263,in[hopkins],
1366903323,near[hopkins; carson-tech_services; reed; ],
1366903349,near[hopkins; carson-tech_services; reed; ],
1366903444,near[hopkins; carson-tech_services; reed; ],
1366903477,near[hopkins; carson-tech_services; reed; ],
1366903492,in[hopkins],
1366903508,in[hopkins],
1366903564,near[hopkins; carson-tech_services; batrlett; ],
1366903624,in[hopkins],
1366903684,in[hopkins],
1366903794,in[hopkins],
1366903835,in[hopkins],
1366903851,near[HanoverInn; carson-tech_services; hopkins; ],
1366903875,near[carson-tech_services; HanoverInn; hopkins; ],
1366903898,in[hopkins],
1366903914,near[HanoverInn; hopkins; ],
1366903929,near[carson-tech_services; HanoverInn; hopkins; ],
1366903945,near[carson-tech_services; HanoverInn; ],
1366903960,near[carson-tech_services; HanoverInn; ],
1366903976,near[carson-tech_services; HanoverInn; ],
1366903992,near[HanoverInn; carson-tech_services; east-wheelock; ],
1366904007,near[HanoverInn; carson-tech_services; baker-berry; ],
1366904023,in[HanoverInn],
1366904039,near[7-lebanon; HanoverInn; baker-berry; ],
1366904054,near[7-lebanon; vac; lodge; ],
1366904073,near[7-lebanon; vac; lodge; ],
1366904089,near[sport-venues-press; topliff; Mckenzie; ],
1366904104,near[topliff; sport-venues-press; Mckenzie; ],
1366904122,near[topliff; sport-venues-press; batrlett; ],
1366904144,near[newhamp; batrlett; thornton; ],
1366904160,near[dartmouth_hall; wentworth; baker-berry; ],
1366904177,near[baker-berry; wentworth; dartmouth_hall; ],
1366904193,in[steele],
1366904203,near[burke; steele; baker-berry; ],
1366904224,in[burke],
1366904274,near[mclaughlin; sudikoff; moore; ],
1366904290,near[sudikoff; mclaughlin; moore; ],
1366904315,in[sudikoff],
1366904331,in[sudikoff],
1366904377,in[sudikoff],
1366904437,in[sudikoff],
1366904497,in[sudikoff],
1366904547,in[sudikoff],
1366904617,in[sudikoff],
1366904678,in[sudikoff],
1366904737,in[sudikoff],
1366904798,in[sudikoff],
1366904858,in[sudikoff],
1366904918,in[sudikoff],
1366904978,in[sudikoff],
1366905023,in[sudikoff],
1366905113,in[sudikoff],
1366905173,in[sudikoff],
1366905233,in[sudikoff],
1366905293,in[sudikoff],
1366905347,in[sudikoff],
1366905413,in[sudikoff],
1366905473,in[sudikoff],
1366905586,in[sudikoff],
1366905656,in[sudikoff],
1366905672,in[sudikoff],
1366905747,in[sudikoff],
1366905836,in[sudikoff],
1366905896,in[sudikoff],
1366905956,in[sudikoff],
1366905997,in[sudikoff],
1366906076,in[sudikoff],
1366906136,in[sudikoff],
1366906196,in[sudikoff],
1366906256,in[sudikoff],
1366906316,in[sudikoff],
1366906338,in[sudikoff],
1366906436,in[sudikoff],
1366906497,in[sudikoff],
1366906557,in[sudikoff],
1366906617,in[sudikoff],
1366906662,in[sudikoff],
1366906737,in[sudikoff],
1366906947,in[sudikoff],
1366907022,in[sudikoff],
1366907307,in[sudikoff],
1366907577,in[sudikoff],
1366907593,in[sudikoff],
1366907632,in[sudikoff],
1366907648,in[sudikoff],
1366907684,in[sudikoff],
1366907877,in[sudikoff],
1366908147,in[sudikoff],
1366908447,in[sudikoff],
1366908546,in[sudikoff],
1366909312,in[sudikoff],
1366909347,in[sudikoff],
1366909597,in[sudikoff],
1366909882,in[sudikoff],
1366910167,in[sudikoff],
1366910452,in[sudikoff],
1366910534,in[sudikoff],
1366910547,in[sudikoff],
1366910568,in[sudikoff],
1366910737,in[sudikoff],
1366911022,in[sudikoff],
1366911126,in[sudikoff],
1366911747,in[sudikoff],
1366911924,in[sudikoff],
1366912209,in[sudikoff],
1366912494,in[sudikoff],
1366912779,in[sudikoff],
1366912947,in[sudikoff],
1366913064,in[sudikoff],
1366913347,in[sudikoff],
1366913634,in[sudikoff],
1366913748,in[sudikoff],
1366914147,in[sudikoff],
1366914536,in[sudikoff],
1366914821,in[sudikoff],
1366915106,in[sudikoff],
1366915347,in[sudikoff],
1366915676,in[sudikoff],
1366915961,in[sudikoff],
1366916246,in[sudikoff],
1366916346,in[sudikoff],
1366916547,in[sudikoff],
1366917161,in[sudikoff],
1366917446,in[sudikoff],
1366917731,in[sudikoff],
1366917747,in[sudikoff],
1366918016,in[sudikoff],
1366918301,in[sudikoff],
1366918586,in[sudikoff],
1366918871,in[sudikoff],
1366918947,in[sudikoff],
1366918976,in[sudikoff],
1366919773,in[sudikoff],
1366920058,in[sudikoff],
1366920147,in[sudikoff],
1366920343,in[sudikoff],
1366920628,in[sudikoff],
1366920913,in[sudikoff],
